Workbook

Sheet F.3.4 Steel Tube
B1: University Name | K1: =IF(C1="","BLANK","EQ") -> BLANK | M1: 2027 | N1: FSAE Structural Equivalency Spreadsheet (SES) | Z1: Steel Tube | AA1: 1.1 | AB1: SES Bug Reporting | AE1: Do not delete any tabs aside from extra F.4.2 Composite. | CX1: F.3.2.1 | CY1: F.3.4.1 | DI1: FBHS: Some examples and explanations for configurations A, B, and C. | EF1: SIS Examples | EN1: SIS with Rear FHB (or Forward MHB) | EU1: MHBS examples and explanations. | FJ1: Using Shoulder Harness Bar/Braces | FS1: Head Restraint Protection
B2: Team Name | K2: =IF(C2="","BLANK","EQ") -> BLANK | AB2: 1.1 | AE2: Guidance images may be deleted. | CX2: A round tube which is both the Minimum Diameter and the Minimum Wall Thickness may not meet
B3: Competitions | C3: May - IC | E3: June - EV | G3: Other - Edit | I3: Other - Edit | K3: EQ | M3: There are two versions of the 2027 SES: Steel Tube and Monocoque/Hybrid/Aluminum. | AB3: Welded / Bolted Activation | CX3: the Moment of Inertia and Cross Sectional Area Requirements.
B4: Car Numbers | K4: =IF(AND(NOT(ISNUMBER(C4)),NOT(ISNUMBER(G4)),NOT(ISNUMBER(E4)),NOT(ISNUMBER(I4))),"BLANK","EQ") -> BLANK | M4: Aluminum equivalance may be used in the Steel Tube SES for Anti-Intrusion, EV Rear Impact, or Tractive Battery Containers and Mounting. | AE4: Show dimensions in images, preferably not drawn on. | CX4: A square tube which is both the Minimum Width and the Minimum Wall Thickness always meets
B5: Team Contact(s) | K5: =IF(C5="","BLANK","EQ") -> BLANK | M5: Steel can be used for any part of the frame in the Monocoque/Hybrid/Aluminum SES. | AE5: Do not enter fractions or your sheet will be permanently broken | CX5: the Moment of Inertia and Cross Sectional Area Requirements.
B6: Email Address(es) | K6: =IF(C6="","BLANK","EQ") -> BLANK | M6: F.3.4.2 - Any and all steel grades are assigned the same material properties. No material properties for different steel grades may be used in the SES. | AE6: Use the same units as the SES, or show conversions, don't make us do math.
A7: Faculty Advisor | C7: Email Address | E7: Chassis Rules | G7: Powertrain | K7: EQ | CX7: The examples to the right cover the tube location requirements for the FBHS, SIS, and MHBS. There are many solutions not shown that can meet the documentation, triangulation, and bracing requirements. The examples to the left need to be replaced with your own CAD. Images should be clear, undistorted, moderate filesize. Each SES file 25MB max.
E8: Select Drop Down | G8: Select Drop Down | K8: =IF(OR(E8="Other Equivalence",G8="EV - Other Equivalence"),"REJECT", IF(OR(A8="",C8="",G8="Select Drop Down",E8="Select Drop Down"),"BLANK","EQ")) -> BLANK | M8: YouTube: 2019 SES Instructional Guide | R8: YouTube: 2020 ESF Document Training | V8: F.2.3 | W8: FEA is not accepted for any SES equivalency. | AE8: Grinding welds flush is prohibited, especially in structures regulated by rules.
F9: =IF(E8="Other Equivalence","FILL OUT THE MONOCOQUE/HYBRID/ALUMINUM SES.",IF(G8="EV - Other Equivalence","COMPOSITE BATTERY CONTAINERS REQUIRE COMPOSITE TESTING + MONOCOQUE SES","")) | K9: =IF(K8="REJECT",K8,"") | N9: Only cells of this color can be edited. Enter all values as positive numerals. | AU9: Front 3/4 3D CAD with color coded tube sizes required. | BD9: Rear 3/4 3D CAD with color coded tube sizes required.
A10: Overall | D10: Ready to submit for review? | J10: =IF(OR(A18="EQ",A18="CHECK"),"YES","NO") -> NO | M10: Drop down options can be identified by the heavy border. Delete will clear the entry. | AE10: We want to reward teams with a good Tech Number who: | BW10: Top and bottom views required for 30 degree bend check.
M11: Each entry, each category, each tab, and the entire sheet are coded as one of the following: | V11: BLANK | W11: EQ | X11: CHECK | Y11: REJECT | Z11: N/A | AE11: Submit good-quality documentation of rules-legal designs | AT11: Use different colors for square and round. | BE11: Use different colors for square and round.
B12: F.3.4 Steel Tube | C12: =IF(OR(COUNTIF(K1:K8,"BLANK"),COUNTIF(J56:EA57,"BLANK")),"BLANK", IF(OR(COUNTIF(K1:K9,"REJECT"),COUNTIF(J56:EA57,"REJECT")),"REJECT", IF(COUNTIF(J56:EA57,"CHECK"),"CHECK","EQ"))) -> BLANK | D12: BLUE: NO. BLANK ENTRY. INCOMPLETE. CHECK ALL TABS. | M12: The status of some cells depends on entries in other cells. | AE12: Work with the document reviewers quickly to resolve any issues with their submission
B13: F.10.1-4 Module&Contain | C13: =BS148 -> BLANK | D13: This will not change until all required entries are filled out. Check all tabs. | AE13: Submit documents early | AT13: Include a legend that shows each color and size. | BE13: Include a legend that shows each color and size. | BW13: Multiple or detail images may be used anywhere in the SES.
B14: F.10.5 Batt Attach | C14: =BS150 -> BLANK | D14: Incomplete submissions will incur a penalty. | M14: SELECT YOUR UNITS. The entire SES will be completed in either mm or Inch. Inch tubing can be entered in mm, and vice versa. | AE14: SES sets the IC Order. After Battery Video and ESF, SES was worth up to 25 places in EV 2026. | CX14: The row numbers are for reference only.
B15: F.8 Front Protection | C15: =BS152 -> BLANK | D15: RED ORANGE: NO. GROUNDS FOR REJECTION. CHECK ALL TABS. | M15: Keep a copy of the rules open to reference rule numbers directly while filling out the SES. | V15: How To Interpret Rules | AU15: Fuel tank or HV systems must be shown in orange. | BD15: Fuel tank or HV systems must be shown in orange. | CX15: Designating the FBHS as A,B, or C needed to check rule | DD15: F.6.2.3.ab
B16: F.3.4.3 Welded Inserts | C16: =BS154 -> BLANK | D16: The SES will permanently REJECT for removing any tab. Fill out a fresh copy. | M16: Fill in all | N16: BLANK | O16: sections on ALL TABS. Start with any drop downs in the top left corner of each tab. | AE16: You have up to 48 hours to resubmit before your Tech Number increases. | CX16: The other column letters are for reference only.
B17: F.5.12 Bolted Members | C17: =BS156 -> BLANK | D17: Locate all violations and bring the design into compliance before submitting. | M17: Replace example images with your own clear, undistorted CAD, showing all required dimensions in a moderate filesize. Each SES file 40Mb max. | AE17: Make sure every item is fixed.
A18: =IF(SUMPRODUCT(--ISERROR(C12:C17))>0,"REJECT", IF(COUNTIF(C12:C17,"BLANK"),"BLANK", IF(COUNTIF(C12:C17,"REJECT"),"REJECT", IF(COUNTIF(C12:C17,"CHECK"),"CHECK","EQ")))) -> BLANK | D18: Grounds for rejection could be considered incomplete and incur a penalty. | M18: ADDITIONAL GUIDANCE IMAGES ARE ON THE RIGHT SIDE OF DIFFERENT SHEETS | AE18: Comment with a description of every fix, and where to find the information in the SES. | CX18: Using this 7-color palette will accommodate color blind students or reviewers:
D19: SKY: YES. RULES EQUIVALENCE. | AE19: If it will take more than 48 hours to do additional testing, make a plan with your reviewer. | CX19: https://www.extensis.com/blog/how-to-design-for-color-blindness
D20: Document is ready for review. Double check triangulation. | L20: F.2.2.1 | M20: Current year SES forms must be completed and submitted by all teams no later than the date specified in the Action Deadlines on the specific event website. | CX20: In the examples to the right:
D21: Sheet protection must still be active when submitted, or the SES will be rejected. | L21: PS.3.2.1 | M21: Submission of late, blank, incomplete, or previous car's SES will incur a competition point penalty. | AE21: We think it benefits you and our reviewers to submit and get approved earlier. | CX21: THE SKY BLUE LINE is the upper tube
D22: YELLOW: YES. CHECK ADDITIONAL EQUIVALENCIES. | L22: PS.3.1.3 | M22: Please respond quickly and thoroughly to requests for revisions or clarifications. Response time influences Tech Inspection order. New review: Clock starts. Submit: Clock stops. | AE22: Submitting at the deadline increases the time to get a first review by several weeks. | CX22: THE YELLOW LINE is the lower tube
D23: Some entries require additional tubes or documentation. | M23: Please describe all changes made and their location in the SES for each re-submission. Make sure every entry is shown in an image. | CX23: BLACK LINES are additional related tubes
D24: Once these are added, document is ready for review. | M24: Resubmission after approval for engineering changes does not incur a clock penalty. The SES needs to match the car that comes to competition. | AE24: There is no penalty for resubmitting after approval. | CX24: RED ORANGE AREAS highlight design aspects that do not meet the rules
A25: mm | I25: Units | L25: IN.6.1 | M25: Bring an ELECTRONIC copy of the approved SES to Tech Inspection. It is your responsibility to bring a functioning, charged tablet or laptop. Bring backups. DO NOT PRINT. | AE25: Especially for small changes like fastener sizes. | CX25: White dotted lines | CZ25: represent potential design changes to an orange area to allow it to pass.
L26: IN.1.2.2 | M26: Approval of an SES does not guarantee passing Tech Inspection. The final decision about all designs will be made at Tech Inspection. | AE26: We need the document to match the car in Tech Inspection.
A27: Use the space below to list changes between uploads, rules inquiries, and any other information. | CX27: ACRONYMS
CX29: AI | CY29: Anti Intrusion Plate
CX30: IA | CY30: Impact Attenuator
CX31: IC | CY31: Internal Combustion
CX32: EV | CY32: Electric Vehicle
CX33: EQ | CY33: Rules Equivalence Achieved
AS34: Harness tabs cannot rub on harness material. | CX34: FB | CY34: Front Bulkhead
CX35: FBHS | CY35: Front Bulkhead Support
AS36: Use a thicker tab to keep the edge away. | CX36: FH | CY36: Front Roll Hoop
CX37: FHB | CY37: Front Hoop Brace
AS38: Harness tab location, dimensions, shear area, | CX38: HRP | CY38: Head Restraint Protection
K39: Front Hoop CAD with dimensions required. | U39: FBHS, FHB CAD with dimensions required. | AE39: SIS CAD with dimensions required. | AY39: MH + SH CAD with dimensions required. | BI39: MHB, MHBS CAD with dimensions required. | BS39: Clearance CAD with dimensions required. | CC39: HV Protection CAD with dimensions. | CM39: Rear Impact CAD with dimensions required. | CX39: HV | CY39: High Voltage
AS40: tabs in plane with belts. | CX40: MH | CY40: Main Roll Hoop
K41: See image F.5.9.6 for steering wheel. | U41: Highlight/trace/color code required tubes. | AE41: Highlight/trace/color code required tubes. | BI41: Highlight/trace/color code required tubes. | BS41: Helmet and T.2.8.4 Head Restraint. | CC41: Air gap driver to Tractive Battery assembly. | CX41: MHB | CY41: Main Hoop Brace
AS42: No open ended eyebolts. | CX42: MHBS | CY42: Main Hoop Brace Support
CX43: N/A | CY43: Not Applicable (Not required.)
AS44: Spec sheet for fasteners / eyebolts. | CX44: SH | CY44: Shoulder Harness Structure
CX45: SES | CY45: Structural Equivalency Spreadsheet
CX46: SIS | CY46: Side Impact Structure
CX47: RB | CY47: Rear Bulkhead
CX48: RBHS | CY48: Rear Bulkhead Support
CX50: TRIANGULATION
CX51: F.1.17 | CY51: An arrangement of Frame Members where all members and segments of members
CX52: between bends or nodes with other structural tubes form a structure composed entirely of triangles.
CX53: a. This is generally required between an upper member and a lower member, both of which
CX54: may have multiple segments requiring a diagonal to form multiple triangles.
O55: Additional images may be placed below each section. | Y55: Additional images may be placed below each section. | AI55: Additional images may be placed below each section. | BC55: Additional images may be placed below each section. | BM55: Additional images may be placed below each section. | BW55: Additional images may be placed below each section. | CG55: Additional images may be placed below each section. | CR55: Additional images may be placed below each section. | CX55: b. This is also what is meant by “properly triangulated”.
K56: {=IF(COUNTIF(K62:S95,"BLANK"),"BLANK",IF(OR(SUMPRODUCT(--ISERROR(K62:S95))>0,COUNTIF(K62:S95,"REJECT")),"REJECT",IF(COUNTIF(K62:S95,"CHECK"),"CHECK","EQ")))} -> BLANK | M56: Front Hoop (FH), Steering Protection | U56: {=IF(COUNTIF(U88:AC129,"BLANK"),"BLANK",IF(OR(SUMPRODUCT(--ISERROR(U88:AC129))>0,COUNTIF(U88:AC129,"REJECT")),"REJECT",IF(COUNTIF(U88:AC129,"CHECK"),"CHECK","EQ")))} -> BLANK | W56: Front Bulkhead Supports (FBHS), | AE56: =IF(COUNTIF(AE68:AM138,"BLANK"),"BLANK",IF(COUNTIF(AE68:AM138,"REJECT"),"REJECT",IF(COUNTIF(AE68:AM138,"CHECK"),"CHECK","EQ"))) -> BLANK | AG56: Side Impact Structure (SIS), | AO56: =IF(COUNTIF(AO96:AW127,"BLANK"),"BLANK",IF(COUNTIF(AO96:AW127,"REJECT"),"REJECT",IF(COUNTIF(AO96:AW127,"CHECK"),"CHECK","EQ"))) -> BLANK | AQ56: Lap and Anti-Sub Attachment | AY56: {=IF(COUNTIF(AY84:BG156,"BLANK"),"BLANK",IF(OR(SUMPRODUCT(--ISERROR(AY84:BG156))>0,COUNTIF(AY84:BG156,"REJECT")),"REJECT",IF(COUNTIF(AY84:BG156,"CHECK"),"CHECK","EQ")))} -> BLANK | BA56: Main Hoop (MH), | BI56: {=IF(COUNTIF(BI76:BQ101,"BLANK"),"BLANK",IF(OR(SUMPRODUCT(--ISERROR(BI76:BQ101))>0,COUNTIF(BI76:BQ101,"REJECT")),"REJECT",IF(COUNTIF(BI76:BQ101,"CHECK"),"CHECK","EQ")))} -> BLANK | BK56: Main Hoop Braces (MHB), | BS56: {=IF(COUNTIF(BS63:CA135,"BLANK"),"BLANK",IF(OR(SUMPRODUCT(--ISERROR(BS63:CA135))>0,COUNTIF(BS63:CA135,"REJECT")),"REJECT",IF(COUNTIF(BS63:CA135,"CHECK"),"CHECK","EQ")))} -> BLANK | BU56: Helmet, Head Restraint, Fuel, Wing | CC56: =IF(AND($G$8="IC - Internal Combustion",BS79="Fuel tank is in front of the engine block"),"N/A", IF(COUNTIF(CC78:CK113,"BLANK"),"BLANK",IF(COUNTIF(CC78:CK113,"REJECT"),"REJECT",IF(COUNTIF(CC78:CK113,"CHECK"),"CHECK","EQ")))) -> BLANK | CE56: Tractive Battery Side Protection, | CM56: =IF(AND($G$8="IC - Internal Combustion",BS79="Fuel tank is in front of the engine block"),"N/A", IF(COUNTIF(CM67:CU132,"BLANK"),"BLANK",IF(COUNTIF(CM67:CU132,"REJECT"),"REJECT",IF(COUNTIF(CM67:CU132,"CHECK"),"CHECK","EQ")))) -> BLANK | CO56: Rear Bulkhead (EV Only)
CX57: The Upper and Lower must maintain spacing and not share a load path.
K58: F.5.7.2-3 | L58: The FH runs from the lowest frame member on each side. The FH may be multiple pieces. | U58: Front Hoop Braces (FHB) | AE58: Lap and Anti-Sub Belt Tubes | AY58: Shoulder Harness Bar (SH) | BI58: Main Hoop Brace Supports (MHBS) | CC58: HV Side Protection, RBHS (EV Only) | CX58: The bottom of the MHB is the only exception to this requirement.
K59: F.5.6.3 | L59: Below the FHB, front and side Front Hoop bends must be braced in side view to node. | AO59: Do not modify harness hardware. | BS59: The rollover plane is defined by the direction of the main hoop braces, shown above. | CM59: F.11.3.1 | CN59: From the rear, all HV components must be protected with an upper tube, a lower tube,
L60: Triangulating tubes must run to an FBHS or SIS node. | U60: There are three basic configurations for the FBHS. See examples starting in column CO. | AO60: For any bolted harness or using the shank of an eyebolt, | AY60: F.5.8.1-2 | AZ60: The Main Hoop extends, uncut, from the lowest frame member on both sides. | BI60: F.5.9.6 | BJ60: The Main Hoop Braces must be one piece, steel, with no bends. | BS60: F.5.6.6 | BT60: Dummy's foot must be on brake pedal, helmet must be on head restraint padding. | CC60: F.11.1.1 | CD60: F.1.11 | CE60: Tractive Batteries must be within the Primary Structure. | CM60: and a diagonal tube or vertical tubes connecting the upper and lower tubes. | CX60: F.3.3.2 | CY60: Non structural tubing will be ignored.
U61: A. | V61: Upper FBHS from the top of the FB to the Upper SIS, with a tolerance. | AE61: F.6.4.4 | AF61: Designate the Upper SIS and Lower SIS along their entire length. | AO61: there is a sleeve that gets clamped and allows rotation. | AY61: F.5.6.3 | AZ61: All front and side view bends below the MHB must be braced to a node. | BJ61: Main Hoop Braces that cross over in an 'X' shape are prohibited. | BS61: T.2.8.5 | BT61: Head Restraint must attach to chassis near the top and bottom of the Head Restraint. | CC61: F.11.2.1 | CD61: If the tractive battery extends behind the MH, Size B tubes are needed behind the MH. | CM61: F.11.3.6 | CN61: Inboard HV components must be forward of the rear plane of the Upper and Lower Rear Bulkhead. | CY61: Tubes with smaller than 25mm (1in) Outer Diamter will be ignored.
K62: =IF(COUNTIF(S63:S70,"BLANK"),"BLANK",IF(OR(SUMPRODUCT(--ISERROR(S63:S70))>0,COUNTIF(S63:S70,"REJECT")),"REJECT",IF(COUNTIF(S63:S70,"CHECK"),"CHECK","EQ"))) -> BLANK | V62: Lower FBHS from the bottom of the FB to the Lower SIS. | AE62: Upper SIS height is measured from the lowest point of the bottom edge of the Lower SIS tube. | AY62: F.6.5.3 | AZ62: Engine, motor, suspension, and tractive battery mounts are prohibited on the SH, | BI62: F.5.2.4 | BJ62: F.6.6.3 | BK62: Miter the base of the MHB to the Lower MHBS. Cope only diagonals and hoops. | CM62: Triangulation may be asymmetric. F.11.3.3, F.2.3.1: Rear Bulkhead verticality tolerance: +/- Tube OD longitudinally. | CY62: Tubes with Wall thinner than 1.2mm (0.047in) will be ignored.
K63: F.5.7 | L63: Front Hoop (FH) | P63: Minimum | Q63: Tube Used | S63: EQ | U63: B. | V63: Upper FBHS from the top of FB to above the Upper SIS, braced rearward. | AE63: F.6.4.6 | AF63: The area between the upper and lower SIS must be completely triangulated. | AO63: There must be continuous floor between all belts and the ground. | AY63: F.5.11.4 | AZ63: on the MH above the SIS, and on the MHB spans. | BS63: =IF(COUNTIF(CA64,"BLANK"),"BLANK",IF(OR(SUMPRODUCT(--ISERROR(CA64))>0,COUNTIF(CA64,"REJECT")),"REJECT",IF(COUNTIF(CA64,"CHECK"),"CHECK","EQ"))) -> BLANK | CC63: F.11.2.1 | CD63: From the side, the tractive battery must be protected with an upper tube, a lower tube, | CM63: If a plate replaces all three tubes, it must fully overlap RBHS tubes, and 4x 30, 6x 20, or 8x 15kN mounts are required.
K64: F.3.2.1.c | L64: =IF($A$25="mm", "Example: 25mm x 2.5mm round", "Example: 1.0in x 0.095in round") -> Example: 25mm x 2.5mm round | P64: Size A | S64: =IF(Q64="","BLANK","EQ") -> BLANK | V64: Lower FBHS from the bottom of the FB to the Lower SIS. | AE64: A straight Upper SIS may be intersected by the MHB-MHBS miter without being considered bent. | AO64: Wrapped belts also need limters to control width. | BI64: F.6.6.2.a | BJ64: The Upper MHBS runs from MHB to the Upper SIS. Highlight the path. | BS64: F.5.6.4.a | BX64: Helmet >=50mm (2in) below Roll Hoop plane: | BZ64: =IF($A$25="mm","mm","in") -> mm | CA64: =IF(BY64="","BLANK",IF(OR(AND($A$25="mm",ABS(BY64)>=50),AND($A$25="Inch",ABS(BY64)>=2)),"EQ","REJECT")) -> BLANK | CC64: and a diagonal tube or tubes completely triangulating the upper and lower tubes. | CM64: F.11.3.1.a | CN64: Increase from Size C to Size B if the Tractive Battery is < 100mm (3.937in) from the rear impact . | CX64: X-geometry may be used instead of diagonals.
K65: F.3.4.1.a | O65: Wall thickness: | P65: =IF($A$25="mm",2,0.079) -> 2 | R65: =IF($A$25="mm","mm","in") -> mm | S65: =IF(Q65="","BLANK",IF(Q65<P65,"REJECT","EQ")) -> BLANK | U65: C. | V65: Upper FBHS from the top of FB to above the Upper SIS, braced rearward. | AE65: F.3.2.1.f | AF65: A bent Upper Side Impact tube requires Size D. | AO65: If welded, weld only the outside to keep the belt flat. | AY65: F.6.5.1.a | AZ65: Shoulder Harness Bars must be one piece of uncut, continuous steel tubing. | BI65: F.6.6.2.b | BJ65: The Lower MHBS runs from MHB to the Lower SIS. Highlight the path. | CM65: F.11.3.4 | CN65: The Rear Protection must be fully triangulated back to the Upper and Lower SIS.
O66: =IF(Q64="Round","Outer Diameter (OD):","Square side:") -> Square side: | P66: =IF($A$25="mm",25,0.984) -> 25 | R66: =IF($A$25="mm","mm","in") -> mm | S66: =IF(Q66="","BLANK",IF(Q66<P66,"REJECT","EQ")) -> BLANK | V66: Lower FBHS from the bottom of the FB to the Upper SIS, with a tolerance. | AE66: F.5.2.3.c | AF66: Diagonals for straight or bent upper SIS are both minimum Size B. | AY66: F.6.5.1.b | AZ66: Shoulder Harness Bars must connect to the Main Hoop at both ends. | BI66: F.6.6.2 | BJ66: The area between the Upper and Lower MHBS must be completely triangulated. | BS66: =IF(COUNTIF(CA67:CA68,"BLANK"),"BLANK",IF(OR(SUMPRODUCT(--ISERROR(CA67:CA68))>0,COUNTIF(CA67:CA68,"REJECT")),"REJECT",IF(COUNTIF(CA67:CA68,"CHECK"),"CHECK","EQ"))) -> BLANK | CC66: F.11.2.3 | CD66: Minimum height for the top edge of the upper tube is the lower of: 290mm above | CX66: The SES examples show that quadrilateral openings are unacceptable.
O67: Wall thickness: | P67: 2 | Q67: =IF(Q65="","",IF($A$25="mm",Q65,ROUND(Q65*25.4,1))) | R67: mm | S67: =IF(Q67="","BLANK",IF(Q67<P67,"REJECT","EQ")) -> BLANK | V67: A second Lower FBHS path from the bottom of the FB to the Lower SIS. | AO67: Mount lap and anti-sub belts below the seat bottom. | AY67: F.6.5.2.b | AZ67: SH Braces must support SH bends. Wider angles to the SH react moments better. | BI67: F.6.6.2.a | BJ67: A Shoulder Harness Bar and/or SH Brace may be used as part of the MHBS. | BS67: F.5.6.4.b-c | BX67: Main Hoop Braces protecting Helmet: | CA67: =IF(BY67="","BLANK","EQ") -> BLANK | CC67: the lowest point of the bottom edge of the Lower SIS tube, or the top of the tractive battery. | CM67: =IF(COUNTIF(CU69:CU76,"BLANK"),"BLANK",IF(OR(SUMPRODUCT(--ISERROR(CU69:CU76))>0,COUNTIF(CU69:CU76,"REJECT")),"REJECT",IF(COUNTIF(CU69:CU76,"CHECK"),"CHECK","EQ"))) -> BLANK
O68: =IF(Q64="Round","Outer Diameter (OD):","Square side:") -> Square side: | P68: 25 | Q68: =IF(Q66="","",IF($A$25="mm",Q66,ROUND(Q66*25.4,1))) | R68: mm | S68: =IF(Q68="","BLANK",IF(Q68<P68,"REJECT","EQ")) -> BLANK | U68: F.6.2.3.a | V68: Designate the Upper FBHS along its entire length. | AE68: =IF(COUNTIF(AM69:AM77,"BLANK"),"BLANK",IF(OR(SUMPRODUCT(--ISERROR(AM69:AM77))>0,COUNTIF(AM69:AM77,"REJECT")),"REJECT",IF(COUNTIF(AM69:AM77,"CHECK"),"CHECK","EQ"))) -> BLANK | AO68: Do not mount to the SIS diagonal, use the lower SIS or a cross-car structure. | AY68: F.6.5.2.b | AZ68: Shoulder Harness Braces must connect back to the Main Hoop, ideally at a node. | BS68: F.5.6.4.b-c | BX68: =IF(BY67="Rearward","Helmet >=50mm (2in) below MH to bottom of MHB:","Helmet >=0 ahead of Main Hoop rear surface:") -> Helmet >=0 ahead of Main Hoop rear surface: | BZ68: =IF($A$25="mm","mm","in") -> mm | CA68: =IF(BY68="","BLANK",IF(OR(AND(BY67="Forward",BY68>=0),AND($A$25="mm",BY68>=50),AND($A$25="Inch",BY68>=2)),"EQ","REJECT")) -> BLANK | CC68: F.11.1.3 | CD68: F.1.13 | CE68: HV components above 290mm must be inside the Rollover Protection Envelope. | CM68: =IF(CS68>=100,"F.11.3.1.b","F.11.3.1.a") -> F.11.3.1.a | CR68: Min distance Tractive Battery to Rear Bulkhead? | CT68: =IF($A$25="mm","mm","in") -> mm | CU68: =IF(AND($G$8="IC - Internal Combustion",BS79="Fuel tank is in front of the engine block"),"N/A", IF(CS68="","BLANK",IF($A$25="mm",IF(CS68<25,"CHECK","EQ"),IF(CS68<0.984,"CHECK","EQ")))) -> BLANK | CX68: Exception One:
O69: Tube cross sectional area (A): | P69: 173 | Q69: =IF(OR(Q65="",Q66=""),"", IF(Q64="Round", ROUND(PI()*((Q68/2)^2-((Q68-2*Q67)/2)^2),0), ROUND(Q68^2-(Q68-2*Q67)^2,0))) | R69: mm^2 | S69: =IF(Q69="","BLANK",IF(Q69<P69,"REJECT","EQ")) -> BLANK | U69: F.6.2.3.c | V69: Designate the Lower FBHS along its entire length. | AD69: F.6.4.4.b | AE69: F.6.4.1 | AF69: Upper Side Impact Structure (SIS) | AM69: =IF(AK69="","BLANK","EQ") -> BLANK | AO69: When the Anti-Sub goes under the driver's leg and back up, | AY69: The MHB may act as braces for a bent Shoulder Harness Bar. See column 'F' to the right. | BI69: F.5.11.2 | BJ69: Clamshell mounts are prohibited for items mounted on the MHB. | CC69: F.11.1.3 | CD69: All batteries, motors, and motor controllers must be securely mounted below SH height. | CN69: =IF(CR70="Size B", "Tractive Battery Rear Bulkhead", "HV Rear Bulkhead") -> Tractive Battery Rear Bulkhead | CR69: Minimum | CU69: =IF(AND($G$8="IC - Internal Combustion",BS79="Fuel tank is in front of the engine block"),"N/A", IF(CS69="","BLANK","EQ")) -> BLANK | CX69: 1. The space between the two lower paths of a Type-C FBHS is not required to be triangulated.
O70: Tube second moment of inertia (I): | P70: 11320 | Q70: =IF(OR(Q65="",Q66=""),"", IF(Q64="Round", ROUND((PI()/4)*((Q68/2)^4-((Q68-2*Q67)/2)^4),0), ROUND((Q68^4-(Q68-2*Q67)^4)/12,0))) | R70: mm^4 | S70: =IF(Q70="","BLANK",IF(Q70<P70,"REJECT","EQ")) -> BLANK | U70: F.6.2.3.d | V70: The area between the Upper and Lower FBHS must be completely triangulated | AD70: F.6.4.4.b | AJ70: Minimum | AK70: Tube Used | AM70: EQ | AO70: extra vertical length increases slack in an impact. | BC70: =IF(BG143="N/A","", IF(BC143="Bolt Through A Tab","Do not use a clip-end around a bolt between two tabs.","")) | BI70: Zip ties, hose clamps, or tabs may be used for items mounted between the MHB or MH tubes. | BS70: Strongly preferred: Locating the fuel fill tube on the opposite side of the exhaust. | CM70: =IF(CR70="Size B","F.3.2.1.m","F.3.2.1.n") -> F.3.2.1.m | CN70: =IF(CR70="Size B", IF($A$25="mm", "Example: 25.4mm x 1.6mm round", "Example: 1.0in x 0.065in round"), IF($A$25="mm", "Example: 25.4mm x 1.2mm round", "Example: 1.0in x 0.047in round")) -> Example: 25.4mm x 1.6mm round | CR70: =IF(AND($G$8="IC - Internal Combustion",BS79="Fuel tank requires rear impact check"),"Size C", IF($A$25="mm",IF(CS68>=100,"Size C","Size B"), IF(CS68>=3.937,"Size C","Size B"))) -> Size B | CU70: =IF(OR($G$8="IC - Internal Combustion",CS69="Billet Plate"),"N/A", IF(CS70="","BLANK","EQ")) -> BLANK | CX70: 1a. All bends on the lowest tube must still be braced to the corner of another triangle.
U71: with tubes meeting F.3.4.1 Size C. | AE71: =IF(AK69="Straight","F.3.2.1.e","F.3.2.1.f") -> F.3.2.1.f | AF71: =IF(AK69="Straight", IF($A$25="mm", "Example: 25.4mm x 1.6mm round", "Example: 1.0in x 0.065in round"), IF($A$25="mm", "Example: 35mm x 1.2mm round", "Example: 1.375in x 0.047in round")) -> Example: 35mm x 1.2mm round | AJ71: =IF(AK69="Straight","Size B", "Size D") -> Size D | AM71: =IF(AK71="","BLANK","EQ") -> BLANK | AO71: ~25mm may be the limit, 50-75mm up is too much. | AY71: SH bar needs to be spaced far enough rearward. | BI71: A tab at an MHB node with a single fastener is preferred for external items mounted on the MHB. | BS71: F.9.1.2 | BT71: Every part of the fuel system must be above the bottom tubes of the chassis. | CC71: T.1.6.3.b | CD71: Show air gap >= 25mm required between tractive system and driver's seat. | CM71: =IF(CR70="Size B","F.3.2.1.b","F.3.2.1.c") -> F.3.2.1.b | CQ71: Wall thickness: | CR71: =IF($A$25="mm",1.2,0.047) -> 1.2 | CT71: =IF($A$25="mm","mm","in") -> mm | CU71: =IF(OR($G$8="IC - Internal Combustion",CS69="Billet Plate"),"N/A", IF(CS71="","BLANK",IF(CS71<CR71,"REJECT","EQ"))) -> BLANK
K72: =IF(COUNTIF(S73,"BLANK"),"BLANK",IF(OR(SUMPRODUCT(--ISERROR(S73))>0,COUNTIF(S73,"REJECT")),"REJECT",IF(COUNTIF(S73,"CHECK"),"CHECK","EQ"))) -> BLANK | AE72: =IF(AK69="Straight","F.3.4.1.b","F.3.4.1.d") -> F.3.4.1.d | AI72: Wall thickness: | AJ72: =IF($A$25="mm",1.2,0.047) -> 1.2 | AL72: =IF($A$25="mm","mm","in") -> mm | AM72: =IF(AK72="","BLANK",IF(AK72<AJ72,"REJECT","EQ")) -> BLANK | AO72: The tangent of the Anti-Sub from the attachment to the driver needs to be | AY72: The spacing is defined by the requirement for 3-bar adjuster clearance. | BS72: {=IF(COUNTIF(CA73:CA80,"BLANK"),"BLANK",IF(OR(SUMPRODUCT(--ISERROR(CA73:CA80))>0,COUNTIF(CA73:CA80,"REJECT")),"REJECT",IF(COUNTIF(CA73:CA80,"CHECK"),"CHECK","EQ")))} -> BLANK | CC72: T.1.6.3.b | CD72: Anything attached to the tractive battery is considered a heat source. | CQ72: =IF(CS70="Round","Outer Diameter (OD):","Square side:") -> Square side: | CR72: =IF($A$25="mm",25,0.984) -> 25 | CT72: =IF($A$25="mm","mm","in") -> mm | CU72: =IF(OR($G$8="IC - Internal Combustion",CS69="Billet Plate"),"N/A", IF(CS72="","BLANK",IF(CS72<CR72,"REJECT","EQ"))) -> BLANK | CX72: Exception Two:
K73: F.5.7.4 | P73: Turned Steering Wheel minimum below FH top: | R73: =IF($A$25="mm","mm","in") -> mm | S73: =IF(Q73="","BLANK","EQ") -> BLANK | V73: Tubes that cross over in an 'X' or 'V' shape point at the driver. | AI73: =IF(AK71="Round","Outer Diameter (OD):","Square side:") -> Square side: | AJ73: =IF(AK69="Straight",IF($A$25="mm",25,0.984),IF($A$25="mm",34.9,1.375)) -> 34.9 | AL73: =IF($A$25="mm","mm","in") -> mm | AM73: =IF(AK73="","BLANK",IF(AK73<AJ73,"REJECT","EQ")) -> BLANK | AO73: primarily horizontal for its horizontal loading. | AY73: Only belts should touch the driver, not hardware. | BI73: Mounting items outside the primary structure on the MHBS, lower MH, or other tubes is unrestricted. | CA73: =IF(BS73="","BLANK",IF(BS73="Image shows LV battery inside additional structure & below SH height","CHECK","EQ")) -> BLANK | CC73: T.1.8.5 | CD73: The tractive battery may not be part of the firewall. | CQ73: Wall thickness: | CR73: 1.2 | CS73: =IF(CS71="","",IF($A$25="mm",CS71,ROUND(CS71*25.4,1))) | CT73: mm | CU73: =IF(OR($G$8="IC - Internal Combustion",CS69="Billet Plate"),"N/A", IF(CS73="","BLANK",IF(CS73<CR73,"REJECT","EQ"))) -> BLANK | CX73: 2. A diagonal that ends on the Upper and Lower tube may be replaced by a tube with a single bend,
U74: GR.1.5 | V74: 'X' or 'V' shaped tubes spanning FB to FH should not be used. | AI74: Wall thickness: | AJ74: 1.2 | AK74: =IF(AK72="","",IF($A$25="mm",AK72,ROUND(AK72*25.4,1))) | AL74: mm | AM74: =IF(AK74="","BLANK",IF(AK74<AJ74,"REJECT","EQ")) -> BLANK | AY74: 2-bar adjusters for 3in Shoulder Belts are very expensive. | BZ74: T.9.2.1 | CA74: =IF(BS74="","BLANK",IF(BS74="Image shows LV battery inside additional structure & below SH height","CHECK","EQ")) -> BLANK | CQ74: =IF(CS70="Round","Outer Diameter (OD):","Square side:") -> Square side: | CR74: 25 | CS74: =IF(CS72="","",IF($A$25="mm",CS72,ROUND(CS72*25.4,1))) | CT74: mm | CU74: =IF(OR($G$8="IC - Internal Combustion",CS69="Billet Plate"),"N/A", IF(CS74="","BLANK",IF(CS74<CR74,"REJECT","EQ"))) -> BLANK | CX74: leaving one quadrilateral opening.
K75: =IF(COUNTIF(S76,"BLANK"),"BLANK",IF(OR(SUMPRODUCT(--ISERROR(S76))>0,COUNTIF(S76,"REJECT")),"REJECT",IF(COUNTIF(S76,"CHECK"),"CHECK","EQ"))) -> BLANK | U75: F.6.3.2 | V75: 'X' or 'V' configuration tubes may not be used as Front Hoop Braces. | AI75: =IF(AK71="Round","Outer Diameter (OD):","Square side:") -> Square side: | AJ75: =IF(AK69="Straight",25,35) -> 35 | AK75: =IF(AK73="","",IF($A$25="mm",AK73,ROUNDUP(AK73*25.4,1))) | AL75: mm | AM75: =IF(AK75="","BLANK",IF(AK75<AJ75,"REJECT","EQ")) -> BLANK | AO75: Anti-sub attachments need to be at or rearward of the buckle. | BM75: =BC126 -> Main Hoop Braces may run forward or rearward. | BZ75: T.5.5.4 | CA75: =IF(BS75="","BLANK","EQ") -> BLANK | CC75: F.11.4 | CD75: Especially towards the side and rear, tractive batteries should maintain 25mm clearance | CQ75: Tube cross sectional area (A): | CR75: =IF(CR70="Size C",91,114) -> 114 | CS75: =IF(OR(CS71="",CS72=""),"", IF(CS70="Round", ROUND(PI()*((CS74/2)^2-((CS74-2*CS73)/2)^2),0), ROUND(CS74^2-(CS74-2*CS73)^2,0))) | CT75: mm^2 | CU75: =IF(OR($G$8="IC - Internal Combustion",CS69="Billet Plate"),"N/A", IF(CS75="","BLANK",IF(CS75<CR75,"REJECT","EQ"))) -> BLANK | CX75: 2a. The brace for the bent tube must form part of a triangle on both sides.
K76: F.5.7.5 | P76: FH to Steering Wheel gap <=250mm (9.8in) | R76: =IF($A$25="mm","mm","in") -> mm | S76: =IF(Q76="","BLANK",IF(OR(AND($A$25="mm",Q76<=250),AND($A$25="Inch",Q76<=9.8)),"EQ","REJECT")) -> BLANK | AI76: Tube cross sectional area (A): | AJ76: =IF(AK69="Straight",114,126) -> 126 | AK76: =IF(OR(AK72="",AK73=""),"", IF(AK71="Round", ROUND(PI()*((AK75/2)^2-((AK75-2*AK74)/2)^2),0), ROUND(AK75^2-(AK75-2*AK74)^2,0))) | AL76: mm^2 | AM76: =IF(AK76="","BLANK",IF(AK76<AJ76,"REJECT","EQ")) -> BLANK | AO76: T.2.7.2 only works for conventional saloon car seats. | AY76: Wrapped SH strongly preferred. | BI76: =IF(COUNTIF(BQ77:BQ78,"BLANK"),"BLANK",IF(OR(SUMPRODUCT(--ISERROR(BQ77:BQ78))>0,COUNTIF(BQ77:BQ78,"REJECT")),"REJECT",IF(COUNTIF(BQ77:BQ78,"CHECK"),"CHECK","EQ"))) -> BLANK | BZ76: F.6.5.3 | CA76: =IF(BS76="","BLANK","EQ") -> BLANK | CC76: to non-crushable objects. Not including mounts, but preferably including other chassis tubes. | CQ76: Tube second moment of inertia (I): | CR76: =IF(CR70="Size C",6695,8509) -> 8509 | CS76: =IF(OR(CS71="",CS72=""),"", IF(CS70="Round", ROUND((PI()/4)*((CS74/2)^4-((CS74-2*CS73)/2)^4),0), ROUND((CS74^4-(CS74-2*CS73)^4)/12,0))) | CT76: mm^4 | CU76: =IF(OR($G$8="IC - Internal Combustion",CS69="Billet Plate"),"N/A", IF(CS76="","BLANK",IF(CS76<CR76,"REJECT","EQ"))) -> BLANK
U77: F.6.3.6 | V77: The upper and lower segments of a straight Front Hoop tube | AI77: Tube second moment of inertia (I): | AJ77: =IF(AK69="Straight",8509,18015) -> 18015 | AK77: =IF(OR(AK72="",AK73=""),"", IF(AK71="Round", ROUND((PI()/4)*((AK75/2)^4-((AK75-2*AK74)/2)^4),0), ROUND((AK75^4-(AK75-2*AK74)^4)/12,0))) | AL77: mm^4 | AM77: =IF(AK77="","BLANK",IF(AK77<AJ77,"REJECT","EQ")) -> BLANK | AO77: Which are almost never seen in FSAE. | AY77: Eyebolts or tabs must be in front of tube, in line with belts. | BI77: F.5.9.2 | BN77: Main Hoop brace direction: | BQ77: =IF(BO77="","BLANK",IF(BE125=0,"EQ",IF(BE124=BO77,"EQ","REJECT"))) -> BLANK | BZ77: T.6.1.6 | CA77: =IF(BS77="","BLANK","EQ") -> BLANK | CX77: Bent Tubes
K78: =IF(COUNTIF(S79,"BLANK"),"BLANK",IF(OR(SUMPRODUCT(--ISERROR(S79))>0,COUNTIF(S79,"REJECT")),"REJECT",IF(COUNTIF(S79,"CHECK"),"CHECK","EQ"))) -> BLANK | V78: (created by the FBHS offset to the Upper SIS) are treated as one segment. | AO78: The forces in a reclined position are forward, not upward. | AY78: Weld outside only of SH width guides, to keep the belt wrapped flat around the tube. | BI78: F.5.9.5 | BN78: Angle between MH and MHB >=30 degrees: | BP78: degrees | BQ78: =IF(BO78="","BLANK",IF(AND(ABS(BO78)>=30,ABS(BO78)<90),"EQ","REJECT")) -> BLANK | BZ78: T.6.1.7 | CA78: =IF(BS78="","BLANK","EQ") -> BLANK | CC78: {=IF(COUNTIF(CC79:CK86,"BLANK"),"BLANK",IF(OR(SUMPRODUCT(--ISERROR(CC79:CK86))>0,COUNTIF(CC79:CK86,"REJECT")),"REJECT",IF(COUNTIF(CC79:CK86,"CHECK"),"CHECK","EQ")))} -> BLANK | CM78: F.11.3.2 | CN78: The entire top edge of the upper tube or plate must be between 290mm and 345mm
K79: F.5.7.6 | P79: FH side angle above Upper SIS <=20 degrees: | R79: degrees | S79: =IF(Q79="","BLANK",IF(ABS(Q79)<=20,"EQ","REJECT")) -> BLANK | AE79: {=IF(COUNTIF(AM80:AM82,"BLANK"),"BLANK",IF(OR(SUMPRODUCT(--ISERROR(AM80:AM82))>0,COUNTIF(AM80:AM82,"REJECT")),"REJECT",IF(COUNTIF(AM80:AM82,"CHECK"),"CHECK","EQ")))} -> BLANK | AO79: See the Formula position on page 11 of the Schroth manual. | BZ79: F.9.2 | CA79: =IF(NOT($G$8="IC - Internal Combustion"),"N/A", IF(BS79="","BLANK",IF(BS79="Fuel tank requires rear impact check","CHECK","EQ"))) -> N/A | CC79: F.11.2.1 | CD79: Tractive Battery Side Protection | CH79: Minimum | CI79: Tube Used | CK79: EQ | CM79: above the lowest point of the bottom edge of the Lower SIS tube.
U80: F.6.3.6 | V80: A tube FHB must be straight, without any bends. (One segment.) | AJ80: =IF(AJ46="Composite","",IF($A$25="mm","Lowest edge of Lower SIS to Lowest Upper SIS top edge >=290mm:","Lowest edge of Lower SIS to Lowest Upper SIS top edge >=11.42in:")) -> Lowest edge of Lower SIS to Lowest Upper SIS top edge >=290mm: | AL80: =IF($A$25="mm","mm","in") -> mm | AM80: =IF(AJ69="Composite","N/A",IF(AK80="","BLANK",IF(OR(AND($A$25="mm",AK80>=290,AK80<=345),AND($A$25="Inch",AK80>=11.42,AK80<=13.58)),"EQ","REJECT"))) -> BLANK | AY80: The more vertical the SH brace is, the better it reacts the moment. | BI80: =IF(COUNTIF(BQ81,"BLANK"),"BLANK",IF(OR(SUMPRODUCT(--ISERROR(BQ81))>0,COUNTIF(BQ81,"REJECT")),"REJECT",IF(COUNTIF(BQ81,"CHECK"),"CHECK","EQ"))) -> BLANK | BZ80: F.9.1.1. | CA80: =IF(NOT($G$8="IC - Internal Combustion"),"N/A", IF(BS80="","BLANK","EQ")) -> N/A | CC80: F.3.2.1.m | CD80: =IF($A$25="mm", "Example: 25.4mm x 1.6mm round", "Example: 1.0in x 0.065in round") -> Example: 25.4mm x 1.6mm round | CH80: Size B | CK80: =IF($G$8="IC - Internal Combustion","N/A", IF(CI80="","BLANK","EQ")) -> BLANK | CX80: All bends and multiple segment members must be braced according to F.5.2.
K81: =IF(COUNTIF(S82,"BLANK"),"BLANK",IF(OR(SUMPRODUCT(--ISERROR(S82))>0,COUNTIF(S82,"REJECT")),"REJECT",IF(COUNTIF(S82,"CHECK"),"CHECK","EQ"))) -> BLANK | U81: Designate the Front Hoop Braces. | AJ81: =IF(AJ46="Composite","",IF($A$25="mm","Lowest edge of Lower SIS to Highest Upper SIS top edge <=345mm:","Lowest edge of Lower SIS to Highest Upper SIS top edge <=13.58in:")) -> Lowest edge of Lower SIS to Highest Upper SIS top edge <=345mm: | AL81: =IF($A$25="mm","mm","in") -> mm | AM81: =IF(AJ69="Composite","N/A",IF(AK81="","BLANK",IF(OR(AND($A$25="mm",AK81>=290,AK81<=345),AND($A$25="Inch",AK81>=11.42,AK81<=13.58)),"EQ","REJECT"))) -> BLANK | AN81: T.2.4.3.d | AO81: Lap and Anti-Sub should not share the same attachment. | AY81: =HYPERLINK("https://www.fsaeonline.com/cdsweb/rqa/ViewFAQ.aspx?faqnum=284","https://www.fsaeonline.com/cdsweb/rqa/ViewFAQ.aspx?faqnum=284") -> https://www.fsaeonline.com/cdsweb/rqa/ViewFAQ.aspx?faqnum=284 | BI81: F.5.9.4 | BN81: =IF($A$25="mm","Top of MH of MHB tube, 160mm vertical limit:","Top of MH to top of MHB tube, 6.3in vertical limit:") -> Top of MH of MHB tube, 160mm vertical limit: | BP81: =IF($A$25="mm","mm","in") -> mm | BQ81: =IF(BO81="","BLANK",IF(OR(AND($A$25="mm",ABS(BO81)<=160),AND($A$25="Inch",ABS(BO81)<=6.3)),"EQ","REJECT")) -> BLANK | BS81: T.2.8.3 | BT81: A straight tube between the MHB is inside the rollover envelope. Head Restraints behind | CC81: F.3.4.1.b | CG81: Wall thickness: | CH81: =IF($A$25="mm",1.2,0.047) -> 1.2 | CJ81: =IF($A$25="mm","mm","in") -> mm | CK81: =IF($G$8="IC - Internal Combustion","N/A", IF(CI81="","BLANK",IF(CI81<CH81,"REJECT","EQ"))) -> BLANK | CM81: {=IF(COUNTIF(CM82:CU83,"BLANK"),"BLANK",IF(OR(SUMPRODUCT(--ISERROR(CM82:CU83))>0,COUNTIF(CM82:CU83,"REJECT")),"REJECT",IF(COUNTIF(CM82:CU83,"CHECK"),"CHECK","EQ")))} -> BLANK | CX81: F.5.2.1 | CY81: The bend radius at the centerline axis must be >= 3 x tube OD.
K82: F.6.3.5 | P82: FH rearward lean above Upper SIS <= 10, or braced: | R82: degrees | S82: =IF(Q82="","BLANK",IF(Q82<=20,"EQ","REJECT")) -> BLANK | U82: F.6.3.3 | V82: The FHB should extend all the way to the Front Bulkhead. | AJ82: Inclination: Measure to the top edge of the Upper SIS tube. | AK82: =AK81-AK80 -> 0 | AL82: =IF($A$25="mm","mm","in") -> mm | AM82: =IF(AJ69="Composite","N/A", IF(OR(AK80="",AK81=""),"BLANK", IF(AK82>IF($A$25="mm",345-290,13.58-11.42),"REJECT","EQ"))) -> BLANK | AO82: Lap belt loading is essentially vertical and forward. | AY82: SH brace to a node is also ideal. | BS82: Main Hoop requires rear structure, either triangulated tubing or F.5.10, see examples G1-G5. | CG82: =IF(CI80="Round","Outer Diameter (OD):","Square side:") -> Square side: | CH82: =IF($A$25="mm",25,0.984) -> 25 | CJ82: =IF($A$25="mm","mm","in") -> mm | CK82: =IF($G$8="IC - Internal Combustion","N/A", IF(CI82="","BLANK",IF(CI82<CH82,"REJECT","EQ"))) -> BLANK | CR82: =IF(BD97="Composite","",IF($A$25="mm","Lowest edge of Lower SIS to Upper Rear Bulkhead top edge >=290mm:","Lowest edge of Lower SIS to Upper Rear Bulkhead top edge >=11.42in:")) -> Lowest edge of Lower SIS to Upper Rear Bulkhead top edge >=290mm: | CT82: =IF($A$25="mm","mm","in") -> mm | CU82: =IF(AND($G$8="IC - Internal Combustion",BS79="Fuel tank is in front of the engine block"),"N/A",IF(CS82="","BLANK",IF(OR(AND($A$25="mm",CS82>=290,CS82<=345),AND($A$25="Inch",CS82>=11.42,CS82<=13.58)),"EQ","REJECT"))) -> BLANK | CX82: F.5.2.3.a | CY82: The brace must be at the center of the bend or intersection.
L83: =IF(Q82<=10,"Rearward Front Hoop Brace is not required.","Rearward Front Hoop Brace Required by Front Hoop.") -> Rearward Front Hoop Brace is not required. | U83: F.5.6.2 | V83: Front FHB that do not reach the FB must end the node of a completely triangulated structure. | AO83: Anti-Sub loading is essentially horizontal and forward. | BI83: =IF(COUNTIF(BQ84:BQ91,"BLANK"),"BLANK",IF(OR(SUMPRODUCT(--ISERROR(BQ84:BQ91))>0,COUNTIF(BQ84:BQ91,"REJECT")),"REJECT",IF(COUNTIF(BQ84:BQ91,"CHECK"),"CHECK","EQ"))) -> BLANK | BS83: F.5.10 | BT83: A single, uncut Size B hoop, attached at the MHB nodes, separate from the Head Restraint, | CG83: Wall thickness: | CH83: 1.2 | CI83: =IF(CI81="","",IF($A$25="mm",CI81,ROUND(CI81*25.4,1))) | CJ83: mm | CK83: =IF($G$8="IC - Internal Combustion","N/A", IF(CI83="","BLANK",IF(CI83<CH83,"REJECT","EQ"))) -> BLANK | CR83: =IF(BD98="Composite","",IF($A$25="mm","Lowest edge of Lower SIS to Upper Rear Bulkhead top edge <=345mm:","Lowest edge of Lower SIS to Upper Rear Bulkhead top edge <=13.58in:")) -> Lowest edge of Lower SIS to Upper Rear Bulkhead top edge <=345mm: | CT83: =IF($A$25="mm","mm","in") -> mm | CU83: =IF(AND($G$8="IC - Internal Combustion",BS79="Fuel tank is in front of the engine block"),"N/A",IF(CS83="","BLANK",IF(OR(AND($A$25="mm",CS83>=290,CS83<=345),AND($A$25="Inch",CS83>=11.42,CS83<=13.58)),"EQ","REJECT"))) -> BLANK | CX83: F.5.2.3.c | CY83: The brace must be at least as big as the largest tube being braced.
U84: F.5.6.2 | V84: Rear FHB must end at the node of a completely triangulated structure. | AE84: =IF(COUNTIF(AM85:AM92,"BLANK"),"BLANK",IF(OR(SUMPRODUCT(--ISERROR(AM85:AM92))>0,COUNTIF(AM85:AM92,"REJECT")),"REJECT",IF(COUNTIF(AM85:AM92,"CHECK"),"CHECK","EQ"))) -> BLANK | AO84: Lap and Anti-Sub must not clip to the same eye. | AY84: =IF(COUNTIF(BG85:BG92,"BLANK"),"BLANK",IF(OR(SUMPRODUCT(--ISERROR(BG85:BG92))>0,COUNTIF(BG85:BG92,"REJECT")),"REJECT",IF(COUNTIF(BG85:BG92,"CHECK"),"CHECK","EQ"))) -> BLANK | BI84: F.5.9.1 | BJ84: Main Hoop Brace (MHB) | BN84: Minimum | BO84: Tube Used | BQ84: EQ | BS84: may be used to extend the Head Restraint envelope. This has no effect on helmet envelopes. | CG84: =IF(CI80="Round","Outer Diameter (OD):","Square side:") -> Square side: | CH84: 25 | CI84: =IF(CI82="","",IF($A$25="mm",CI82,ROUND(CI82*25.4,1))) | CJ84: mm | CK84: =IF($G$8="IC - Internal Combustion","N/A", IF(CI84="","BLANK",IF(CI84<CH84,"REJECT","EQ"))) -> BLANK | CX84: F.5.2.3.c | CY84: The brace must be within 30 degrees of the plane of the bend.
K85: =IF(COUNTIF(S86,"BLANK"),"BLANK",IF(OR(SUMPRODUCT(--ISERROR(S86))>0,COUNTIF(S86,"REJECT")),"REJECT",IF(COUNTIF(S86,"CHECK"),"CHECK","EQ"))) -> BLANK | U85: T.1.3.2 | V85: The driver's feet and legs must be completely enclosed by tubes meeting F.3.4.1. | AE85: F.6.4.1 | AF85: Lower / Diagonal SIS | AJ85: Minimum | AK85: Tube Used | AM85: EQ | AO85: The Lap can clip to the eye while the Anti-Sub goes around the shank. | AY85: F.5.8 | AZ85: Main Hoop (MH) | BD85: Minimum | BE85: Tube Used | BG85: EQ | BI85: F.3.2.1.h | BJ85: =IF($A$25="mm", "Example: 25.4mm x 1.6mm round", "Example: 1.0in x 0.065in round") -> Example: 25.4mm x 1.6mm round | BN85: Size B | BQ85: =IF(BO85="","BLANK","EQ") -> BLANK | BS85: T.2.8.4 | BT85: Nothing may be mounted to the head restraint. No beams for fore-aft adjustment. | CG85: Tube cross sectional area (A): | CH85: 114 | CI85: =IF(OR(CI81="",CI82=""),"", IF(CI80="Round", ROUND(PI()*((CI84/2)^2-((CI84-2*CI83)/2)^2),0), ROUND(CI84^2-(CI84-2*CI83)^2,0))) | CJ85: mm^2 | CK85: =IF($G$8="IC - Internal Combustion","N/A", IF(CI85="","BLANK",IF(CI85<CH85,"REJECT","EQ"))) -> BLANK | CM85: Outside rear differential carriers may be used for diagonal equivalence. | CX85: The plane of the bend is defined by the straight axes on either side of the bend.
K86: F.5.14 | P86: Steering rack is inside the FBHS? | S86: =IF(Q86="","BLANK","EQ") -> BLANK | U86: In side view, feet on pedals, structural tubes must be above and below all of feet and legs. | AE86: F.3.2.1.e | AF86: =IF($A$25="mm", "Example: 25.4mm x 1.6mm round", "Example: 1.0in x 0.065in round") -> Example: 25.4mm x 1.6mm round | AJ86: Size B | AM86: =IF(AK86="","BLANK","EQ") -> BLANK | AO86: Enter this as Lap Only, Eyebolt Through Welded Insert, and | AY86: F.3.2.1.g | AZ86: =IF($A$25="mm", "Example: 25mm x 2.5mm round", "Example: 1.0in x 0.095in round") -> Example: 25mm x 2.5mm round | BD86: Size A | BE86: Round | BG86: =IF(BE86="","BLANK","EQ") -> EQ | BI86: F.3.4.1.b | BM86: Wall thickness: | BN86: =IF($A$25="mm",1.2,0.047) -> 1.2 | BP86: =IF($A$25="mm","mm","in") -> mm | BQ86: =IF(BO86="","BLANK",IF(BO86<BN86,"REJECT","EQ")) -> BLANK | BS86: {=IF(COUNTIF(CA87:CA95,"BLANK"),"BLANK",IF(OR(SUMPRODUCT(--ISERROR(CA87:CA95))>0,COUNTIF(CA87:CA95,"REJECT")),"REJECT",IF(COUNTIF(CA87:CA95,"CHECK"),"CHECK","EQ")))} -> BLANK | CG86: Tube second moment of inertia (I): | CH86: 8509 | CI86: =IF(OR(CI81="",CI82=""),"", IF(CI80="Round", ROUND((PI()/4)*((CI84/2)^4-((CI84-2*CI83)/2)^4),0), ROUND((CI84^4-(CI84-2*CI83)^4)/12,0))) | CJ86: mm^4 | CK86: =IF($G$8="IC - Internal Combustion","N/A", IF(CI86="","BLANK",IF(CI86<CH86,"REJECT","EQ"))) -> BLANK | CM86: F.11.3.5.a | CN86: The mounts or plate extend 25mm above and 25mm below the opening. | CX86: The plane and 30 degree requirement must be considered in 3 dimensions.
O87: =IF(Q86="Inside","Additional steering protection is not required.","Additional steering protection required "&Q86&" the FBHS.") -> Additional steering protection required the FBHS. | S87: EQ | U87: Tubes may be added for leg and foot protection. | AE87: F.3.4.1.b | AI87: Wall thickness: | AJ87: =IF($A$25="mm",1.2,0.047) -> 1.2 | AL87: =IF($A$25="mm","mm","in") -> mm | AM87: =IF(AK87="","BLANK",IF(AK87<AJ87,"REJECT","EQ")) -> BLANK | AO87: Anti-Sub, Bolted Through Welded Insert . | AY87: F.3.4.1.a | BC87: Wall thickness: | BD87: =IF($A$25="mm",2,0.079) -> 2 | BF87: =IF($A$25="mm","mm","in") -> mm | BG87: =IF(BE87="","BLANK",IF(BE87<BD87,"REJECT","EQ")) -> BLANK | BM87: =IF(BO85="Round","Outer Diameter (OD):","Square side:") -> Square side: | BN87: =IF($A$25="mm",25,0.984) -> 25 | BP87: =IF($A$25="mm","mm","in") -> mm | BQ87: =IF(BO87="","BLANK",IF(BO87<BN87,"REJECT","EQ")) -> BLANK | BS87: T.2.8.3 | BX87: Head Restraint >=0 from rollover envelope: | BZ87: =IF($A$25="mm","mm","in") -> mm | CA87: =IF(BY87="","BLANK",IF(BY87>=0,"EQ","REJECT")) -> BLANK | CM87: Holes in a plate must be too small for the differential to pass through.
K88: F.5.14 | L88: Steering Protection | P88: Minimum | Q88: Tube Used | S88: =IF(Q86="Inside","N/A","EQ") -> EQ | U88: =IF(COUNTIF(AC89:AC96,"BLANK"),"BLANK",IF(OR(SUMPRODUCT(--ISERROR(AC89:AC96))>0,COUNTIF(AC89:AC96,"REJECT")),"REJECT",IF(COUNTIF(AC89:AC96,"CHECK"),"CHECK","EQ"))) -> BLANK | AI88: =IF(AK86="Round","Outer Diameter (OD):","Square side:") -> Square side: | AJ88: =IF($A$25="mm",25,0.984) -> 25 | AL88: =IF($A$25="mm","mm","in") -> mm | AM88: =IF(AK88="","BLANK",IF(AK88<AJ88,"REJECT","EQ")) -> BLANK | AO88: Do not clip around a shank or bolt. | BC88: =IF(BE86="Round","Outer Diameter (OD):","Square side:") -> Outer Diameter (OD): | BD88: =IF($A$25="mm",25,0.984) -> 25 | BF88: =IF($A$25="mm","mm","in") -> mm | BG88: =IF(BE88="","BLANK",IF(BE88<BD88,"REJECT","EQ")) -> BLANK | BM88: Wall thickness: | BN88: 1.2 | BO88: =IF(BO86="","",IF($A$25="mm",BO86,ROUND(BO86*25.4,1))) | BP88: mm | BQ88: =IF(BO88="","BLANK",IF(BO88<BN88,"REJECT","EQ")) -> BLANK | BS88: F.5.10 | BX88: Head Restraint Protection Hoop Used? | CA88: =IF(BY88="","BLANK","EQ") -> BLANK | CC88: {=IF(COUNTIF(CC90:CK90,"BLANK"),"BLANK",IF(OR(SUMPRODUCT(--ISERROR(CC90:CK90))>0,COUNTIF(CC90:CK90,"REJECT")),"REJECT",IF(COUNTIF(CC90:CK90,"CHECK"),"CHECK","EQ")))} -> BLANK | CX88: There is no limit to the number bends.
K89: F.3.2.1.n | L89: Example: 25.4mm x 1.2mm round | P89: Size C | S89: =IF(S88="N/A","N/A", IF(Q89="","BLANK","EQ")) -> BLANK | U89: F.6.2 | V89: Front Bulkhead Support (FBHS) | Z89: Minimum | AA89: Tube Used | AC89: EQ | AI89: Wall thickness: | AJ89: 1.2 | AK89: =IF(AK87="","",IF($A$25="mm",AK87,ROUND(AK87*25.4,1))) | AL89: mm | AM89: =IF(AK89="","BLANK",IF(AK89<AJ89,"REJECT","EQ")) -> BLANK | AO89: Only use harness ends for bolting around a shank. | BC89: Wall thickness: | BD89: 2 | BE89: =IF(BE87="","",IF($A$25="mm",BE87,ROUND(BE87*25.4,1))) | BF89: mm | BG89: =IF(BE89="","BLANK",IF(BE89<BD89,"REJECT","EQ")) -> BLANK | BM89: =IF(BO85="Round","Outer Diameter (OD):","Square side:") -> Square side: | BN89: 25 | BO89: =IF(BO87="","",IF($A$25="mm",BO87,ROUND(BO87*25.4,1))) | BP89: mm | BQ89: =IF(BO89="","BLANK",IF(BO89<BN89,"REJECT","EQ")) -> BLANK | BS89: F.3.2.1.h | BT89: =IF($A$25="mm", "Example: 25.4mm x 1.6mm round", "Example: 1.0in x 0.065in round") -> Example: 25.4mm x 1.6mm round | BX89: Size B | CA89: =IF(NOT(BY88="YES"),"N/A", IF(BY89="","BLANK","EQ")) -> N/A | CC89: T.1.6.3.b | CH89: =IF(AJ85="Composite","",IF($A$25="mm","Air gap to driver's seat >=25mm:","Air gap to driver's seat >=0.984in:")) -> Air gap to driver's seat >=25mm: | CJ89: =IF($A$25="mm","mm","in") -> mm | CK89: =IF($G$8="IC - Internal Combustion","N/A",IF(CI89="","BLANK",IF(OR(AND($A$25="mm",CI89>=25),AND($A$25="Inch",CI89>=0.984)),"EQ","REJECT"))) -> BLANK | CM89: The mounts are considered as beams, seen in the side view. | CX89: There is no limit to the number or size of triangles used between an Upper and Lower.
K90: F.3.4.1.c | O90: Wall thickness: | P90: =IF($A$25="mm",1.2,0.047) -> 1.2 | R90: =IF($A$25="mm","mm","in") -> mm | S90: =IF(S88="N/A","N/A", IF(Q90="","BLANK",IF(Q90<P90,"REJECT","EQ"))) -> BLANK | U90: F.3.2.1.b | V90: =IF($A$25="mm", "Example: 25.4mm x 1.2mm round", "Example: 1.0in x 0.047in round") -> Example: 25.4mm x 1.2mm round | Z90: Size C | AC90: =IF(AA90="","BLANK","EQ") -> BLANK | AI90: =IF(AK86="Round","Outer Diameter (OD):","Square side:") -> Square side: | AJ90: 25 | AK90: =IF(AK88="","",IF($A$25="mm",AK88,ROUND(AK88*25.4,1))) | AL90: mm | AM90: =IF(AK90="","BLANK",IF(AK90<AJ90,"REJECT","EQ")) -> BLANK | AO90: A single tab will be in bending from one or both belts. | BC90: =IF(BE86="Round","Outer Diameter (OD):","Square side:") -> Outer Diameter (OD): | BD90: 25 | BE90: =IF(BE88="","",IF($A$25="mm",BE88,ROUND(BE88*25.4,1))) | BF90: mm | BG90: =IF(BE90="","BLANK",IF(BE90<BD90,"REJECT","EQ")) -> BLANK | BM90: Tube cross sectional area (A): | BN90: 114 | BO90: =IF(OR(BO86="",BO87=""),"", IF(BO85="Round", ROUND(PI()*((BO89/2)^2-((BO89-2*BO88)/2)^2),0), ROUND(BO89^2-(BO89-2*BO88)^2,0))) | BP90: mm^2 | BQ90: =IF(BO90="","BLANK",IF(BO90<BN90,"REJECT","EQ")) -> BLANK | BS90: F.3.4.1.b | BW90: Wall thickness: | BX90: =IF($A$25="mm",1.2,0.047) -> 1.2 | BZ90: =IF($A$25="mm","mm","in") -> mm | CA90: =IF(NOT(BY88="YES"),"N/A", IF(BY90="","BLANK",IF(BY90<BX90,"REJECT","EQ"))) -> N/A | CF90: Top surface of Tractive Battery Protection: | CK90: =IF($G$8="IC - Internal Combustion","N/A",IF(CG90="","BLANK","EQ")) -> BLANK | CM90: Sections should be taken in a plane parallel to the ground. *Plate minimums are more likely to be vertical.
O91: =IF(Q89="Round","Outer Diameter (OD):","Square side:") -> Square side: | P91: =IF($A$25="mm",25,0.984) -> 25 | R91: =IF($A$25="mm","mm","in") -> mm | S91: =IF(S88="N/A","N/A", IF(Q91="","BLANK",IF(Q91<P91,"REJECT","EQ"))) -> BLANK | U91: F.3.4.1.c | Y91: Wall thickness: | Z91: =IF($A$25="mm",1.2,0.047) -> 1.2 | AB91: =IF($A$25="mm","mm","in") -> mm | AC91: =IF(AA91="","BLANK",IF(AA91<Z91,"REJECT","EQ")) -> BLANK | AI91: Tube cross sectional area (A): | AJ91: 114 | AK91: =IF(OR(AK87="",AK88=""),"", IF(AK86="Round", ROUND(PI()*((AK90/2)^2-((AK90-2*AK89)/2)^2),0), ROUND(AK90^2-(AK90-2*AK89)^2,0))) | AL91: mm^2 | AM91: =IF(AK91="","BLANK",IF(AK91<AJ91,"REJECT","EQ")) -> BLANK | AO91: A double shear design can use one tab for equivalence on each belt. | BC91: Tube cross sectional area (A): | BD91: 173 | BE91: =IF(OR(BE87="",BE88=""),"", IF(BE86="Round", ROUND(PI()*((BE90/2)^2-((BE90-2*BE89)/2)^2),0), ROUND(BE90^2-(BE90-2*BE89)^2,0))) | BF91: mm^2 | BG91: =IF(BE91="","BLANK",IF(BE91<BD91,"REJECT","EQ")) -> BLANK | BM91: Tube second moment of inertia (I): | BN91: 8509 | BO91: =IF(OR(BO86="",BO87=""),"", IF(BO85="Round", ROUND((PI()/4)*((BO89/2)^4-((BO89-2*BO88)/2)^4),0), ROUND((BO89^4-(BO89-2*BO88)^4)/12,0))) | BP91: mm^4 | BQ91: =IF(BO91="","BLANK",IF(BO91<BN91,"REJECT","EQ")) -> BLANK | BW91: =IF(BY89="Round","Outer Diameter (OD):","Square side:") -> Square side: | BX91: =IF($A$25="mm",25,0.984) -> 25 | BZ91: =IF($A$25="mm","mm","in") -> mm | CA91: =IF(NOT(BY88="YES"),"N/A", IF(BY91="","BLANK",IF(BY91<BX91,"REJECT","EQ"))) -> N/A | CX91: GR.1.4 - Good Engineering Practice
O92: Wall thickness: | P92: 1.2 | Q92: =IF(Q90="","",IF($A$25="mm",Q90,ROUND(Q90*25.4,1))) | R92: mm | S92: =IF(S88="N/A","N/A", IF(Q92="","BLANK",IF(Q92<P92,"REJECT","EQ"))) -> BLANK | Y92: =IF(AA90="Round","Outer Diameter (OD):","Square side:") -> Square side: | Z92: =IF($A$25="mm",25,0.984) -> 25 | AB92: =IF($A$25="mm","mm","in") -> mm | AC92: =IF(AA92="","BLANK",IF(AA92<Z92,"REJECT","EQ")) -> BLANK | AI92: Tube second moment of inertia (I): | AJ92: 8509 | AK92: =IF(OR(AK87="",AK88=""),"", IF(AK86="Round", ROUND((PI()/4)*((AK90/2)^4-((AK90-2*AK89)/2)^4),0), ROUND((AK90^4-(AK90-2*AK89)^4)/12,0))) | AL92: mm^4 | AM92: =IF(AK92="","BLANK",IF(AK92<AJ92,"REJECT","EQ")) -> BLANK | AO92: But a better approach is angling the tabs individually. | BC92: Tube second moment of inertia (I): | BD92: 11320 | BE92: =IF(OR(BE87="",BE88=""),"", IF(BE86="Round", ROUND((PI()/4)*((BE90/2)^4-((BE90-2*BE89)/2)^4),0), ROUND((BE90^4-(BE90-2*BE89)^4)/12,0))) | BF92: mm^4 | BG92: =IF(BE92="","BLANK",IF(BE92<BD92,"REJECT","EQ")) -> BLANK | BW92: Wall thickness: | BX92: 1.2 | BY92: =IF(BY90="","",IF($A$25="mm",BY90,ROUND(BY90*25.4,1))) | BZ92: mm | CA92: =IF(NOT(BY88="YES"),"N/A", IF(BY92="","BLANK",IF(BY92<BX92,"REJECT","EQ"))) -> N/A | CC92: F.11.1.3 | CD92: F.11.1.2 | CE92: HV Components must be within the Rollover Protection Envelope. | CM92: Take the area and moment of inertia of the one mount.
O93: =IF(Q89="Round","Outer Diameter (OD):","Square side:") -> Square side: | P93: 25 | Q93: =IF(Q91="","",IF($A$25="mm",Q91,ROUND(Q91*25.4,1))) | R93: mm | S93: =IF(S88="N/A","N/A", IF(Q93="","BLANK",IF(Q93<P93,"REJECT","EQ"))) -> BLANK | Y93: Wall thickness: | Z93: 1.2 | AA93: =IF(AA91="","",IF($A$25="mm",AA91,ROUND(AA91*25.4,1))) | AB93: mm | AC93: =IF(AA93="","BLANK",IF(AA93<Z93,"REJECT","EQ")) -> BLANK | BI93: =IF(COUNTIF(BQ94:BQ101,"BLANK"),"BLANK",IF(OR(SUMPRODUCT(--ISERROR(BQ94:BQ101))>0,COUNTIF(BQ94:BQ101,"REJECT")),"REJECT",IF(COUNTIF(BQ94:BQ101,"CHECK"),"CHECK","EQ"))) -> BLANK | BW93: =IF(BY89="Round","Outer Diameter (OD):","Square side:") -> Square side: | BX93: 25 | BY93: =IF(BY91="","",IF($A$25="mm",BY91,ROUND(BY91*25.4,1))) | BZ93: mm | CA93: =IF(NOT(BY88="YES"),"N/A", IF(BY93="","BLANK",IF(BY93<BX93,"REJECT","EQ"))) -> N/A | CC93: EV.4.1.3 | CD93: Outboard wheel motors are the exception. Cables must exit ahead of FH, behind MH. | CM93: If they are identical, these values can be multiplied by two.
O94: Tube cross sectional area (A): | P94: 91 | Q94: =IF(OR(Q90="",Q91=""),"", IF(Q89="Round", ROUND(PI()*((Q93/2)^2-((Q93-2*Q92)/2)^2),0), ROUND(Q93^2-(Q93-2*Q92)^2,0))) | R94: mm^2 | S94: =IF(S88="N/A","N/A", IF(Q94="","BLANK",IF(Q94<P94,"REJECT","EQ"))) -> BLANK | Y94: =IF(AA90="Round","Outer Diameter (OD):","Square side:") -> Square side: | Z94: 25 | AA94: =IF(AA92="","",IF($A$25="mm",AA92,ROUND(AA92*25.4,1))) | AB94: mm | AC94: =IF(AA94="","BLANK",IF(AA94<Z94,"REJECT","EQ")) -> BLANK | AE94: T.2.4.2 | AF94: F.3.2.1.j | AG94: Lap and sub belts attachments must be located on minimum Size B tubes. | AS94: Lap and anti-sub belts must attach directly to a Size B tube. Eyebolts must use welded inserts. | AY94: =IF(COUNTIF(BG95:BG103,"BLANK"),"BLANK",IF(OR(SUMPRODUCT(--ISERROR(BG95:BG103))>0,COUNTIF(BG95:BG103,"REJECT")),"REJECT",IF(COUNTIF(BG95:BG103,"CHECK"),"CHECK","EQ"))) -> BLANK | BI94: F.6.6 | BJ94: Main Hoop Brace Support (MHBS) | BN94: Minimum | BO94: Tube Used | BQ94: EQ | BW94: Tube cross sectional area (A): | BX94: 114 | BY94: =IF(OR(BY90="",BY91=""),"", IF(BY89="Round", ROUND(PI()*((BY93/2)^2-((BY93-2*BY92)/2)^2),0), ROUND(BY93^2-(BY93-2*BY92)^2,0))) | BZ94: mm^2 | CA94: =IF(NOT(BY88="YES"),"N/A", IF(BY94="","BLANK",IF(BY94<BX94,"REJECT","EQ"))) -> N/A | CM94: If they are unique, add the values from the second mount. | CX94: GR.1.4 Chassis catch all:
O95: Tube second moment of inertia (I): | P95: 6695 | Q95: =IF(OR(Q90="",Q91=""),"", IF(Q89="Round", ROUND((PI()/4)*((Q93/2)^4-((Q93-2*Q92)/2)^4),0), ROUND((Q93^4-(Q93-2*Q92)^4)/12,0))) | R95: mm^4 | S95: =IF(S88="N/A","N/A", IF(Q95="","BLANK",IF(Q95<P95,"REJECT","EQ"))) -> BLANK | Y95: Tube cross sectional area (A): | Z95: 91 | AA95: =IF(OR(AA91="",AA92=""),"", IF(AA90="Round", ROUND(PI()*((AA94/2)^2-((AA94-2*AA93)/2)^2),0), ROUND(AA94^2-(AA94-2*AA93)^2,0))) | AB95: mm^2 | AC95: =IF(AA95="","BLANK",IF(AA95<Z95,"REJECT","EQ")) -> BLANK | AI95: Floor tubes only. Do not mount do the diagonal SIS. | AS95: Tabs must be welded on, or be bolted (with positive locking) using welded inserts. | AY95: F.6.5 | AZ95: Shoulder Harness Bar (SH) | BG95: =IF(BE95="","BLANK",IF(AND(BE95="Bent",BE103="Square"),"REJECT","EQ")) -> BLANK | BI95: F.3.2.1.i | BJ95: =IF($A$25="mm", "Example: 25.4mm x 1.2mm round", "Example: 1.0in x 0.047in round") -> Example: 25.4mm x 1.2mm round | BN95: Size C | BQ95: =IF(BO95="","BLANK","EQ") -> BLANK | BW95: Tube second moment of inertia (I): | BX95: 8509 | BY95: =IF(OR(BY90="",BY91=""),"", IF(BY89="Round", ROUND((PI()/4)*((BY93/2)^4-((BY93-2*BY92)/2)^4),0), ROUND((BY93^4-(BY93-2*BY92)^4)/12,0))) | BZ95: mm^4 | CA95: =IF(NOT(BY88="YES"),"N/A", IF(BY95="","BLANK",IF(BY95<BX95,"REJECT","EQ"))) -> N/A | CC95: F.11.2.4 | CD95: From the side, all HV components must be protected with an upper tube, a lower tube, | CX95: No openings up to Upper SIS Height may allow a 254mm diameter impactor to pass through.
Y96: Tube second moment of inertia (I): | Z96: 6695 | AA96: =IF(OR(AA91="",AA92=""),"", IF(AA90="Round", ROUND((PI()/4)*((AA94/2)^4-((AA94-2*AA93)/2)^4),0), ROUND((AA94^4-(AA94-2*AA93)^4)/12,0))) | AB96: mm^4 | AC96: =IF(AA96="","BLANK",IF(AA96<Z96,"REJECT","EQ")) -> BLANK | AE96: =IF(COUNTIF(AM97:AM104,"BLANK"),"BLANK",IF(OR(SUMPRODUCT(--ISERROR(AM97:AM104))>0,COUNTIF(AM97:AM104,"REJECT")),"REJECT",IF(COUNTIF(AM97:AM104,"CHECK"),"CHECK","EQ"))) -> BLANK | AO96: {=IF(COUNTIF(AW97:AW110,"BLANK"),"BLANK",IF(OR(SUMPRODUCT(--ISERROR(AW97:AW110))>0,COUNTIF(AW97:AW110,"REJECT")),"REJECT",IF(COUNTIF(AW97:AW110,"CHECK"),"CHECK","EQ")))} -> BLANK | BD96: Minimum | BE96: Tube Used | BG96: EQ | BI96: F.3.4.1.c | BM96: Wall thickness: | BN96: =IF($A$25="mm",1.2,0.047) -> 1.2 | BP96: =IF($A$25="mm","mm","in") -> mm | BQ96: =IF(BO96="","BLANK",IF(BO96<BN96,"REJECT","EQ")) -> BLANK | CC96: and a diagonal tube or tubes completely triangulating the upper and lower tubes. | CM96: If mounts are identical, R is the same centroid distance in each, and is the value used. | CX96: The top of the impactor will not be raised above the maximum Upper SIS height permitted by rules.
AE97: T.2.4.2 | AF97: F.3.2.1.j | AG97: Minimum Lap/Sub Belt Tube | AJ97: Minimum | AK97: Tube Used | AM97: EQ | AP97: =IF(AW97="N/A","","Lap Belt Attachment:") -> Lap Belt Attachment: | AW97: =IF(AJ114="Composite","N/A", IF(OR(AQ97="",AS97=""),"BLANK", IF(AND(AQ97="Single Lap/AntiSub",AS97="Eyebolt Through Welded Insert"),"REJECT","EQ"))) -> BLANK | AY97: F.3.2.1.k | AZ97: =IF($A$25="mm", "Example: 25mm x 2.5mm round", "Example: 1.0in x 0.095in round") -> Example: 25mm x 2.5mm round | BD97: Size A | BG97: =IF(BE97="","BLANK",IF(AND(NOT(BE95="Straight"),BE97="Square"),"REJECT","EQ")) -> BLANK | BM97: =IF(BO95="Round","Outer Diameter (OD):","Square side:") -> Square side: | BN97: =IF($A$25="mm",25,0.984) -> 25 | BP97: =IF($A$25="mm","mm","in") -> mm | BQ97: =IF(BO97="","BLANK",IF(BO97<BN97,"REJECT","EQ")) -> BLANK | BS97: F.5.11 | BT97: Wing mounts and other items outside the rollover envelope could buckle the MH or MHB. | CM97: If mounts are asymmetric, use a weighted average of the centroid values for R.
U98: =IF(COUNTIF(AC99,"BLANK"),"BLANK",IF(OR(SUMPRODUCT(--ISERROR(AC99))>0,COUNTIF(AC99,"REJECT")),"REJECT",IF(COUNTIF(AC99,"CHECK"),"CHECK","EQ"))) -> BLANK | AE98: F.3.2.1.j | AF98: =IF($A$25="mm", "Example: 25.4mm x 1.6mm round", "Example: 1.0in x 0.065in round") -> Example: 25.4mm x 1.6mm round | AJ98: Size B | AM98: =IF(AK98="","BLANK","EQ") -> BLANK | AO98: T.2.4.3.a | AT98: =IF(AW98="N/A","", IF(AQ97="Single Lap/AntiSub","Harness Test Load (EYEBOLTS 15kN ONLY):","Harness Test Load:")) -> Harness Test Load: | AU98: =IF(AQ97="Lap Only",1,2)*IF($A$25="mm",15000,3371) -> 30000 | AV98: =IF($A$25="mm","N","lbs") -> N | AW98: =IF(AW97="N/A","N/A",IF(AND(AQ97="Single Lap/AntiSub",AS97="Eyebolt Through Welded Insert"),"REJECT","EQ")) -> EQ | AY98: F.3.4.1.a | BC98: Wall thickness: | BD98: =IF($A$25="mm",2,0.079) -> 2 | BF98: =IF($A$25="mm","mm","in") -> mm | BG98: =IF(BE98="","BLANK",IF(BE98<BD98,"REJECT","EQ")) -> BLANK | BM98: Wall thickness: | BN98: 1.2 | BO98: =IF(BO96="","",IF($A$25="mm",BO96,ROUND(BO96*25.4,1))) | BP98: mm | BQ98: =IF(BO98="","BLANK",IF(BO98<BN98,"REJECT","EQ")) -> BLANK | BS98: F.5.11.2.a | BT98: Place rear wing mounts at nodes, or away from the MH and MHB. | CC98: {=IF(COUNTIF(CC99:CK106,"BLANK"),"BLANK",IF(OR(SUMPRODUCT(--ISERROR(CC99:CK106))>0,COUNTIF(CC99:CK106,"REJECT")),"REJECT",IF(COUNTIF(CC99:CK106,"CHECK"),"CHECK","EQ")))} -> BLANK
U99: F.6.2.3.a | Z99: =IF($A$25="mm","Top of FB to Upper FBHS tube, 50mm vertical limit:","Top of FB to Upper FBHS tube, 2in vertical limit:") -> Top of FB to Upper FBHS tube, 50mm vertical limit: | AB99: =IF($A$25="mm","mm","in") -> mm | AC99: =IF(AA99="","BLANK",IF($A$25="mm",IF(AA99<=50,"EQ","REJECT"),IF(AA99<=2,"EQ","REJECT"))) -> BLANK | AE99: F.3.4.1.b | AI99: Wall thickness: | AJ99: =IF($A$25="mm",1.2,0.047) -> 1.2 | AL99: =IF($A$25="mm","mm","in") -> mm | AM99: =IF(AK99="","BLANK",IF(AK99<AJ99,"REJECT","EQ")) -> BLANK | AO99: T.2.5.8 | AT99: =IF(AW98="N/A","", IF(AS97="Eyebolt Through Welded Insert","Shank OD, eyebolt from harness supplier:", "Shank OD, unmodified harness, no thread shear:")) -> Shank OD, unmodified harness, no thread shear: | AV99: =IF($A$25="mm","mm","in") -> mm | AW99: =IF(AW98="N/A","N/A", IF(AU99="","BLANK",IF($A$25="mm",IF(AU99>=11.1125,"EQ","CHECK"),IF(AU99>=0.4375,"EQ","CHECK")))) -> BLANK | BC99: =IF(BE97="Round","Outer Diameter (OD):","Square side:") -> Square side: | BD99: =IF($A$25="mm",25,0.984) -> 25 | BF99: =IF($A$25="mm","mm","in") -> mm | BG99: =IF(BE99="","BLANK",IF(BE99<BD99,"REJECT","EQ")) -> BLANK | BM99: =IF(BO95="Round","Outer Diameter (OD):","Square side:") -> Square side: | BN99: 25 | BO99: =IF(BO97="","",IF($A$25="mm",BO97,ROUND(BO97*25.4,1))) | BP99: mm | BQ99: =IF(BO99="","BLANK",IF(BO99<BN99,"REJECT","EQ")) -> BLANK | BS99: Suspension pickups or rocker mounts on the MHB must be at or below the base. | CC99: F.11.2.4 | CD99: HV Side Protection, RBHS | CH99: Minimum | CI99: Tube Used | CK99: EQ | CM99: =IF(COUNTIF(CU100:CU113,"BLANK"),"BLANK",IF(OR(SUMPRODUCT(--ISERROR(CU100:CU113))>0,COUNTIF(CU100:CU113,"REJECT")),"REJECT",IF(COUNTIF(CU100:CU113,"CHECK"),"CHECK","EQ"))) -> BLANK
AI100: =IF(AK98="Round","Outer Diameter (OD):","Square side:") -> Square side: | AJ100: =IF($A$25="mm",25,0.984) -> 25 | AL100: =IF($A$25="mm","mm","in") -> mm | AM100: =IF(AK100="","BLANK",IF(AK100<AJ100,"REJECT","EQ")) -> BLANK | AT100: =IF(OR(AW98="N/A",AS97="Eyebolt Through Welded Insert"),"","Bolt rated UTS:") -> Bolt rated UTS: | AV100: =IF($A$25="mm","Pa","psi") -> Pa | AW100: =IF(OR(AW98="N/A",AS97="Eyebolt Through Welded Insert"),"N/A", IF(AU100="","BLANK","EQ")) -> BLANK | BC100: Wall thickness: | BD100: 2 | BE100: =IF(BE98="","",IF($A$25="mm",BE98,ROUND(BE98*25.4,1))) | BF100: mm | BG100: =IF(BE100="","BLANK",IF(BE100<BD100,"REJECT","EQ")) -> BLANK | BM100: Tube cross sectional area (A): | BN100: 91 | BO100: =IF(OR(BO96="",BO97=""),"", IF(BO95="Round", ROUND(PI()*((BO99/2)^2-((BO99-2*BO98)/2)^2),0), ROUND(BO99^2-(BO99-2*BO98)^2,0))) | BP100: mm^2 | BQ100: =IF(BO100="","BLANK",IF(BO100<BN100,"REJECT","EQ")) -> BLANK | BS100: F.5.11.6 | BT100: Wing mounts should not point at the driver. In failure, try to keep outside chassis tubes. | CC100: F.3.2.1.n | CD100: =IF($A$25="mm", "Example: 25.4mm x 1.2mm round", "Example: 1.0in x 0.047in round") -> Example: 25.4mm x 1.2mm round | CH100: =CR70 -> Size B | CK100: =IF(AND($G$8="IC - Internal Combustion",BS79="Fuel tank is in front of the engine block"),"N/A", IF(CI100="","BLANK","EQ")) -> BLANK | CM100: =CM68 -> F.11.3.1.a | CQ100: Rear Bulkhead Tubes Replaced: | CR100: =IF(CS69="Billet Plate",3,IF(CS69="Diff Carrier Diagonal",1,0)) -> 0 | CU100: =IF(AND($G$8="IC - Internal Combustion",BS79="Fuel tank is in front of the engine block"),"N/A", IF(CS69="","BLANK","EQ")) -> BLANK
U101: =IF(COUNTIF(AC102:AC104,"BLANK"),"BLANK",IF(OR(SUMPRODUCT(--ISERROR(AC102:AC104))>0,COUNTIF(AC102:AC104,"REJECT")),"REJECT",IF(COUNTIF(AC102:AC104,"CHECK"),"CHECK","EQ"))) -> BLANK | AI101: Wall thickness: | AJ101: 1.2 | AK101: =IF(AK99="","",IF($A$25="mm",AK99,ROUND(AK99*25.4,1))) | AL101: mm | AM101: =IF(AK101="","BLANK",IF(AK101<AJ101,"REJECT","EQ")) -> BLANK | AT101: =IF(OR(AW98="N/A",AS97="Eyebolt Through Welded Insert"),"","Fastener shear strength 0.577*UTS*A"&IF($A$25="mm"," (N)"," (lbs)")&":") -> Fastener shear strength 0.577*UTS*A (N): | AU101: =0.577*AU100*PI()*(AU99*IF($A$25="mm",1/1000,1)/2)^2 -> 0 | AV101: =AU101/AU98 -> 0 | AW101: =IF(OR(AW98="N/A",AS97="Eyebolt Through Welded Insert"),"N/A", IF(AU101="","BLANK",IF(AV101<1,"REJECT","EQ"))) -> REJECT | BC101: =IF(BE97="Round","Outer Diameter (OD):","Square side:") -> Square side: | BD101: 25 | BE101: =IF(BE99="","",IF($A$25="mm",BE99,ROUND(BE99*25.4,1))) | BF101: mm | BG101: =IF(BE101="","BLANK",IF(BE101<BD101,"REJECT","EQ")) -> BLANK | BM101: Tube second moment of inertia (I): | BN101: 6695 | BO101: =IF(OR(BO96="",BO97=""),"", IF(BO95="Round", ROUND((PI()/4)*((BO99/2)^4-((BO99-2*BO98)/2)^4),0), ROUND((BO99^4-(BO99-2*BO98)^4)/12,0))) | BP101: mm^4 | BQ101: =IF(BO101="","BLANK",IF(BO101<BN101,"REJECT","EQ")) -> BLANK | CC101: F.3.4.1.c | CG101: Wall thickness: | CH101: =IF($A$25="mm",1.2,0.047) -> 1.2 | CJ101: =IF($A$25="mm","mm","in") -> mm | CK101: =IF(AND($G$8="IC - Internal Combustion",BS79="Fuel tank is in front of the engine block"),"N/A", IF(CI101="","BLANK",IF(CI101<CH101,"REJECT","EQ"))) -> BLANK | CM101: F.3.3-5 | CQ101: =IF(CS69="Tube","","Material:") -> Material: | CR101: =IF(CS69="Tube","", "Steel") -> Steel | CU101: =IF(AND($G$8="IC - Internal Combustion",BS79="Fuel tank is in front of the engine block"),"N/A", IF(CR100=0,"N/A", IF(CS101="","BLANK","EQ"))) -> N/A
U102: F.6.2.3.a-b | Z102: FBHS configuration: | AC102: =IF(AA102="","BLANK","EQ") -> BLANK | AI102: =IF(AK98="Round","Outer Diameter (OD):","Square side:") -> Square side: | AJ102: 25 | AK102: =IF(AK100="","",IF($A$25="mm",AK100,ROUND(AK100*25.4,1))) | AL102: mm | AM102: =IF(AK102="","BLANK",IF(AK102<AJ102,"REJECT","EQ")) -> BLANK | AT102: =IF(AS97="Bolt Through A Tab","Thickness of one tab, >= 1.6mm (0.063in) steel:","") | AV102: =IF($A$25="mm","mm","in") -> mm | AW102: =IF(OR(AW98="N/A",NOT(AS97="Bolt Through A Tab")),"N/A", IF(AU102="","BLANK",IF($A$25="mm",IF(AU102>=1.6,"EQ","REJECT"),IF(AU102>=0.063,"EQ","REJECT")))) -> N/A | BC102: Tube cross sectional area (A): | BD102: 173 | BE102: =IF(OR(BE98="",BE99=""),"", IF(BE97="Round", ROUND(PI()*((BE101/2)^2-((BE101-2*BE100)/2)^2),0), ROUND(BE101^2-(BE101-2*BE100)^2,0))) | BF102: mm^2 | BG102: =IF(BE102="","BLANK",IF(BE102<BD102,"REJECT","EQ")) -> BLANK | BS102: F.5.11.2.b | BT102: Each wing mount in the middle of the MHB must have a structural tube brace underneath, | CG102: =IF(CI100="Round","Outer Diameter (OD):","Square side:") -> Square side: | CH102: =IF($A$25="mm",25,0.984) -> 25 | CJ102: =IF($A$25="mm","mm","in") -> mm | CK102: =IF(AND($G$8="IC - Internal Combustion",BS79="Fuel tank is in front of the engine block"),"N/A", IF(CI102="","BLANK",IF(CI102<CH102,"REJECT","EQ"))) -> BLANK | CM102: F.3.4.2 | CQ102: =IF(CS69="Tube","","Young's Modulus (E):") -> Young's Modulus (E): | CR102: =IF(CS69="Tube","", IF($A$25="mm",200*10^9,29000*10^3)) -> 200000000000 | CT102: =IF($A$25="mm","Pa","psi") -> Pa | CU102: =IF(AND($G$8="IC - Internal Combustion",BS79="Fuel tank is in front of the engine block"),"N/A", IF(CR100=0,"N/A", IF(CS102="","BLANK","EQ"))) -> N/A
...

Sheet F.10.1-4 Modules And Container
A1: Match composite testing tabs and material list names. Properties auto-populate. No need to use "F.4.3 Composite" in the name. | E1: =IF($A$25="mm","Note: Forces are given in Pa, not Mpa or Gpa.","Note: Forces are given in psi, not ksi.") -> Note: Forces are given in Pa, not Mpa or Gpa.
E2: Material | G2: =IF($A$25="mm","E (Pa)","E (psi)") -> E (Pa) | I2: =IF($A$25="mm","S_Ultimate (Pa)","S_Ultimate (psi)") -> S_Ultimate (Pa) | K2: =IF($A$25="mm","Shear (Pa)","Shear (psi)") -> Shear (Pa) | L2: =_xlfn.CONCAT("S_Yield ",IF($A$25="mm","(Pa)","(psi)")) -> S_Yield (Pa)
E3: Steel Unwelded | G3: =IF($A$25="mm",200*10^9,29*10^6) -> 200000000000 | I3: =IF($A$25="mm",365*10^6,52.9*10^3) -> 365000000 | K3: =I3*0.577 -> 2.10605e+08 | L3: =IF($A$25="mm",305*10^6,44.2*10^3) -> 305000000
E4: Steel Welded | G4: =IF($A$25="mm",200*10^9,29*10^6) -> 200000000000 | I4: =IF($A$25="mm",300*10^6,43.5*10^3) -> 300000000 | K4: =I4*0.577 -> 173100000 | L4: =(L3/I3)*I4 -> 2.5068493e+08
E5: 6061-T6 Unwelded | G5: =IF($A$25="mm",69*10^9,10*10^6) -> 69000000000 | I5: =IF($A$25="mm",290*10^6,42.1*10^3) -> 290000000 | K5: =I5*0.577 -> 167330000 | L5: =IF($A$25="mm",240*10^6,34.8*10^3) -> 240000000
E6: 6061-T6 Welded | G6: =IF($A$25="mm",69*10^9,10*10^6) -> 69000000000 | I6: =IF($A$25="mm",175*10^6,25.4*10^3) -> 175000000 | K6: =I6*0.577 -> 1.00975e+08 | L6: =IF($A$25="mm",105*10^6,25.4*10^3) -> 105000000
E7: 5052-H32 Unwelded | G7: =IF($A$25="mm",70.3*10^9,10.2*10^6) -> 70300000000 | I7: =IF($A$25="mm",215*10^6,31.2*10^3) -> 215000000 | K7: =I7*0.577 -> 1.24055e+08 | L7: =IF($A$25="mm",160*10^6,23.2*10^3) -> 160000000
E8: 5052-H32 Welded | G8: =IF($A$25="mm",70.3*10^9,10.2*10^6) -> 70300000000 | I8: =IF($A$25="mm",170*10^6,24.6*10^3) -> 170000000 | K8: =I8*0.577 -> 98090000 | L8: =IF($A$25="mm",65*10^6,9.4*10^3) -> 65000000
A9: Doubled skin must repeat whole layup. Scroll up if Layup Used blank. | E9: Other Unwelded | K9: =I9*0.577 -> 0 | M9: Core | N9: Outer | O9: Inner | Q9: Show tractive battery in car, no holes toward driver. | AU9: Include data sheets for fasteners and material properties. | BC9: Include data sheets for fasteners and material properties.
E10: Other Welded | K10: =I10*0.577 -> 0 | M10: =IF($A$25="mm","mm","in") -> mm | N10: =IF($A$25="mm","mm","in") -> mm | O10: =IF($A$25="mm","mm","in") -> mm
D11: {=IF($E11="","",INDIRECT("'"&$E11&"'!$A$27"))} -> #REF! | E11: RENAME F.4.2 Composite | G11: {=IF($E11="","", IF($A$25="mm",INDIRECT("'"&$E11&"'!$AK$82"),INDIRECT("'"&$E11&"'!$AK$83")))} -> #REF! | I11: {=IF($E11="","", IF($A$25="mm",INDIRECT("'"&$E11&"'!$AK$85"),INDIRECT("'"&$E11&"'!$AK$86")))} -> #REF! | K11: {=IF($E11="","", IF($A$25="mm",INDIRECT("'"&$E11&"'!$AY$62"),INDIRECT("'"&$E11&"'!$AY$63")))} -> #REF! | M11: {=IF($E11="","", ROUND(IF($A$25="mm",1,1/25.4)*INDIRECT("'"&$E11&"'!$AK$61"),3))} -> #REF! | N11: {=IF($E11="","", ROUND(IF($A$25="mm",1,1/25.4)*INDIRECT("'"&$E11&"'!$AK$62"),3))} -> #REF! | O11: {=IF($E11="","", ROUND(IF($A$25="mm",1,1/25.4)*INDIRECT("'"&$E11&"'!$AK$63"),3))} -> #REF! | Q11: Show airflow paths from each segment to ambient or relief valve.
D12: {=IF($E12="","",INDIRECT("'"&$E12&"'!$A$27"))} | G12: {=IF($E12="","", IF($A$25="mm",INDIRECT("'"&$E12&"'!$AK$82"),INDIRECT("'"&$E12&"'!$AK$83")))} | I12: {=IF($E12="","", IF($A$25="mm",INDIRECT("'"&$E12&"'!$AK$85"),INDIRECT("'"&$E12&"'!$AK$86")))} | K12: {=IF($E12="","", IF($A$25="mm",INDIRECT("'"&$E12&"'!$AY$62"),INDIRECT("'"&$E12&"'!$AY$63")))} | M12: {=IF($E12="","", ROUND(IF($A$25="mm",1,1/25.4)*INDIRECT("'"&$E12&"'!$AK$61"),3))} | N12: {=IF($E12="","", ROUND(IF($A$25="mm",1,1/25.4)*INDIRECT("'"&$E12&"'!$AK$62"),3))} | O12: {=IF($E12="","", ROUND(IF($A$25="mm",1,1/25.4)*INDIRECT("'"&$E12&"'!$AK$63"),3))}
D13: {=IF($E13="","",INDIRECT("'"&$E13&"'!$A$27"))} | G13: {=IF($E13="","", IF($A$25="mm",INDIRECT("'"&$E13&"'!$AK$82"),INDIRECT("'"&$E13&"'!$AK$83")))} | I13: {=IF($E13="","", IF($A$25="mm",INDIRECT("'"&$E13&"'!$AK$85"),INDIRECT("'"&$E13&"'!$AK$86")))} | K13: {=IF($E13="","", IF($A$25="mm",INDIRECT("'"&$E13&"'!$AY$62"),INDIRECT("'"&$E13&"'!$AY$63")))} | M13: {=IF($E13="","", ROUND(IF($A$25="mm",1,1/25.4)*INDIRECT("'"&$E13&"'!$AK$61"),3))} | N13: {=IF($E13="","", ROUND(IF($A$25="mm",1,1/25.4)*INDIRECT("'"&$E13&"'!$AK$62"),3))} | O13: {=IF($E13="","", ROUND(IF($A$25="mm",1,1/25.4)*INDIRECT("'"&$E13&"'!$AK$63"),3))} | Q13: Show arrangement of modules in container.
D14: {=IF($E14="","",INDIRECT("'"&$E14&"'!$A$27"))} | G14: {=IF($E14="","", IF($A$25="mm",INDIRECT("'"&$E14&"'!$AK$82"),INDIRECT("'"&$E14&"'!$AK$83")))} | I14: {=IF($E14="","", IF($A$25="mm",INDIRECT("'"&$E14&"'!$AK$85"),INDIRECT("'"&$E14&"'!$AK$86")))} | K14: {=IF($E14="","", IF($A$25="mm",INDIRECT("'"&$E14&"'!$AY$62"),INDIRECT("'"&$E14&"'!$AY$63")))} | M14: {=IF($E14="","", ROUND(IF($A$25="mm",1,1/25.4)*INDIRECT("'"&$E14&"'!$AK$61"),3))} | N14: {=IF($E14="","", ROUND(IF($A$25="mm",1,1/25.4)*INDIRECT("'"&$E14&"'!$AK$62"),3))} | O14: {=IF($E14="","", ROUND(IF($A$25="mm",1,1/25.4)*INDIRECT("'"&$E14&"'!$AK$63"),3))}
D15: {=IF($E15="","",INDIRECT("'"&$E15&"'!$A$27"))} | G15: {=IF($E15="","", IF($A$25="mm",INDIRECT("'"&$E15&"'!$AK$82"),INDIRECT("'"&$E15&"'!$AK$83")))} | I15: {=IF($E15="","", IF($A$25="mm",INDIRECT("'"&$E15&"'!$AK$85"),INDIRECT("'"&$E15&"'!$AK$86")))} | K15: {=IF($E15="","", IF($A$25="mm",INDIRECT("'"&$E15&"'!$AY$62"),INDIRECT("'"&$E15&"'!$AY$63")))} | M15: {=IF($E15="","", ROUND(IF($A$25="mm",1,1/25.4)*INDIRECT("'"&$E15&"'!$AK$61"),3))} | N15: {=IF($E15="","", ROUND(IF($A$25="mm",1,1/25.4)*INDIRECT("'"&$E15&"'!$AK$62"),3))} | O15: {=IF($E15="","", ROUND(IF($A$25="mm",1,1/25.4)*INDIRECT("'"&$E15&"'!$AK$63"),3))}
A16: {=IF(ISREF(INDIRECT("'F.3.4-5 Tube Chassis"&"'!G8")),INDIRECT("'F.3.4-5 Tube Chassis"&"'!G8"),INDIRECT("'F.3.4 Steel Tube"&"'!G8"))} -> Select Drop Down | D16: {=IF($E16="","",INDIRECT("'"&$E16&"'!$A$27"))} | G16: {=IF($E16="","", IF($A$25="mm",INDIRECT("'"&$E16&"'!$AK$82"),INDIRECT("'"&$E16&"'!$AK$83")))} | I16: {=IF($E16="","", IF($A$25="mm",INDIRECT("'"&$E16&"'!$AK$85"),INDIRECT("'"&$E16&"'!$AK$86")))} | K16: {=IF($E16="","", IF($A$25="mm",INDIRECT("'"&$E16&"'!$AY$62"),INDIRECT("'"&$E16&"'!$AY$63")))} | M16: {=IF($E16="","", ROUND(IF($A$25="mm",1,1/25.4)*INDIRECT("'"&$E16&"'!$AK$61"),3))} | N16: {=IF($E16="","", ROUND(IF($A$25="mm",1,1/25.4)*INDIRECT("'"&$E16&"'!$AK$62"),3))} | O16: {=IF($E16="","", ROUND(IF($A$25="mm",1,1/25.4)*INDIRECT("'"&$E16&"'!$AK$63"),3))}
A17: =IF(A16="IC - Internal Combustion","N/A", IF(COUNTIF(U56:CV57,"BLANK"),"BLANK", IF(COUNTIF(U56:CV57,"REJECT"),"REJECT", IF(COUNTIF(U56:CV57,"CHECK"),"CHECK","EQ")))) -> BLANK | D17: {=IF($E17="","",INDIRECT("'"&$E17&"'!$A$27"))} | G17: {=IF($E17="","", IF($A$25="mm",INDIRECT("'"&$E17&"'!$AK$82"),INDIRECT("'"&$E17&"'!$AK$83")))} | I17: {=IF($E17="","", IF($A$25="mm",INDIRECT("'"&$E17&"'!$AK$85"),INDIRECT("'"&$E17&"'!$AK$86")))} | K17: {=IF($E17="","", IF($A$25="mm",INDIRECT("'"&$E17&"'!$AY$62"),INDIRECT("'"&$E17&"'!$AY$63")))} | M17: {=IF($E17="","", ROUND(IF($A$25="mm",1,1/25.4)*INDIRECT("'"&$E17&"'!$AK$61"),3))} | N17: {=IF($E17="","", ROUND(IF($A$25="mm",1,1/25.4)*INDIRECT("'"&$E17&"'!$AK$62"),3))} | O17: {=IF($E17="","", ROUND(IF($A$25="mm",1,1/25.4)*INDIRECT("'"&$E17&"'!$AK$63"),3))}
D18: {=IF($E18="","",INDIRECT("'"&$E18&"'!$A$27"))} | G18: {=IF($E18="","", IF($A$25="mm",INDIRECT("'"&$E18&"'!$AK$82"),INDIRECT("'"&$E18&"'!$AK$83")))} | I18: {=IF($E18="","", IF($A$25="mm",INDIRECT("'"&$E18&"'!$AK$85"),INDIRECT("'"&$E18&"'!$AK$86")))} | K18: {=IF($E18="","", IF($A$25="mm",INDIRECT("'"&$E18&"'!$AY$62"),INDIRECT("'"&$E18&"'!$AY$63")))} | M18: {=IF($E18="","", ROUND(IF($A$25="mm",1,1/25.4)*INDIRECT("'"&$E18&"'!$AK$61"),3))} | N18: {=IF($E18="","", ROUND(IF($A$25="mm",1,1/25.4)*INDIRECT("'"&$E18&"'!$AK$62"),3))} | O18: {=IF($E18="","", ROUND(IF($A$25="mm",1,1/25.4)*INDIRECT("'"&$E18&"'!$AK$63"),3))}
D19: {=IF($E19="","",INDIRECT("'"&$E19&"'!$A$27"))} | G19: {=IF($E19="","", IF($A$25="mm",INDIRECT("'"&$E19&"'!$AK$82"),INDIRECT("'"&$E19&"'!$AK$83")))} | I19: {=IF($E19="","", IF($A$25="mm",INDIRECT("'"&$E19&"'!$AK$85"),INDIRECT("'"&$E19&"'!$AK$86")))} | K19: {=IF($E19="","", IF($A$25="mm",INDIRECT("'"&$E19&"'!$AY$62"),INDIRECT("'"&$E19&"'!$AY$63")))} | M19: {=IF($E19="","", ROUND(IF($A$25="mm",1,1/25.4)*INDIRECT("'"&$E19&"'!$AK$61"),3))} | N19: {=IF($E19="","", ROUND(IF($A$25="mm",1,1/25.4)*INDIRECT("'"&$E19&"'!$AK$62"),3))} | O19: {=IF($E19="","", ROUND(IF($A$25="mm",1,1/25.4)*INDIRECT("'"&$E19&"'!$AK$63"),3))}
D20: {=IF($E20="","",INDIRECT("'"&$E20&"'!$A$27"))} | G20: {=IF($E20="","", IF($A$25="mm",INDIRECT("'"&$E20&"'!$AK$82"),INDIRECT("'"&$E20&"'!$AK$83")))} | I20: {=IF($E20="","", IF($A$25="mm",INDIRECT("'"&$E20&"'!$AK$85"),INDIRECT("'"&$E20&"'!$AK$86")))} | K20: {=IF($E20="","", IF($A$25="mm",INDIRECT("'"&$E20&"'!$AY$62"),INDIRECT("'"&$E20&"'!$AY$63")))} | M20: {=IF($E20="","", ROUND(IF($A$25="mm",1,1/25.4)*INDIRECT("'"&$E20&"'!$AK$61"),3))} | N20: {=IF($E20="","", ROUND(IF($A$25="mm",1,1/25.4)*INDIRECT("'"&$E20&"'!$AK$62"),3))} | O20: {=IF($E20="","", ROUND(IF($A$25="mm",1,1/25.4)*INDIRECT("'"&$E20&"'!$AK$63"),3))}
D21: {=IF($E21="","",INDIRECT("'"&$E21&"'!$A$27"))} | G21: {=IF($E21="","", IF($A$25="mm",INDIRECT("'"&$E21&"'!$AK$82"),INDIRECT("'"&$E21&"'!$AK$83")))} | I21: {=IF($E21="","", IF($A$25="mm",INDIRECT("'"&$E21&"'!$AK$85"),INDIRECT("'"&$E21&"'!$AK$86")))} | K21: {=IF($E21="","", IF($A$25="mm",INDIRECT("'"&$E21&"'!$AY$62"),INDIRECT("'"&$E21&"'!$AY$63")))} | M21: {=IF($E21="","", ROUND(IF($A$25="mm",1,1/25.4)*INDIRECT("'"&$E21&"'!$AK$61"),3))} | N21: {=IF($E21="","", ROUND(IF($A$25="mm",1,1/25.4)*INDIRECT("'"&$E21&"'!$AK$62"),3))} | O21: {=IF($E21="","", ROUND(IF($A$25="mm",1,1/25.4)*INDIRECT("'"&$E21&"'!$AK$63"),3))}
A25: {=IF(ISREF(INDIRECT("'F.3.4-5 Tube Chassis"&"'!$A$25")),INDIRECT("'F.3.4-5 Tube Chassis"&"'!$A$25"),INDIRECT("'F.3.4 Steel Tube"&"'!$A$25"))} -> mm
A27: Design Suggestions To Resolve A Red Car Situation Quickly | J27: F.2.3 | K27: FEA is not accepted anywhere in the SES or Tech Inspection.
A29: Include a cell temperature display and other vital battery readings | K29: The SES is asking about the structure of a single module.
A30: on an easily visible Low Voltage display.
A31: Include diagnostic cable connections. | K31: • removed from the tractive battery container
A32: Design the charger to connect while the Tractive Battery is in the car. | K32: • aligned lat/long/vert as it is in the car
A33: Design the Tractive Battery to be easily removable while wearing PPE. | K33: • don't worry about small differences in angle
A34: Include a mid-pack HVD. | K34: The SES will create a test load
K35: mass of one module * acceleration * number of modules in a row.
A36: Design Suggestions To Pass The Rain Test | K36: For example, a tractive battery that is 4 modules wide and 2 modules
K37: mass * acceleration force multiplied by 4x laterally, and 2x longitudinally
A38: Where does the water go? | K38: Module cross sections are taken with all cells, wiring, cooling, etc. removed. | BM38: Module cross section, Top View.
A39: Keep as much moisture away from and out of the powertrain as possible. | K39: And furthermore, treating hole patterns as one large opening. | Y39: 3/4 view of single module | AI39: 3/4 view of single module, structure only | AS39: Module cross section, Front View. | BC39: Module cross section, Side View. | BS39: Module cross section and attachment CAD. | CC39: Show all wall attachments / weld paths. | CM39: Show all wall attachments / weld paths.
A40: Deflect spray during the rain test or off the wheels. | K40: The front view cross section carries longitudinal load. | BM40: Select smallest column, show A and MOI.
A41: Where does water fall off the rear wing? | K41: The side view cross section carries lateral load. | AS41: Select smallest column, show A and MOI. | BC41: Select smallest column, show A and MOI. | BW41: Show all dimensions entered. | CC41: All walls must attach to floor. | CM41: All walls must attach to floor.
A42: Provide a path for water to drain out of the bodywork. | K42: The top view cross section carries vertical load.
A43: Avoid flat, level surfaces where water can pool. | K43: From statics class:
A44: Use downturned drip edges out past openings for connectors. | K44: A column is continuous in area and continuous along its normal.
A45: Do not use upward facing connectors, indicators, | K45: If there are multiple separate cross sectional areas, select only the smallest for A and MOI.
A46: or upward facing fasteners leading to internal volumes. | K46: Take the minimum cross section, ignoring areas with thicker cross sections.
A47: Use IP rated connectors and switches. Don't forget communication plugs. | K47: It is also reasonable to ignore the smallest column(s).
A48: Protective covers may be needed. | K48: And not include the smallest cross section(s) when counting the number of
A49: Moisture on the outside of cabling will not go uphill. | K49: separate cross sectional areas.
K50: For example, if there are 5 areas in cross section, and one is tiny,
A51: Continued, Design Suggestions For Moisture Inside The Tractive Battery | K51: you may enter 4 as the number of columns, and select the area and moment of inertia
K52: for the smallest of the other 4 cross sections.
A53: What are the internal water paths? | BS53: Show all dimensions entered below. | CC53: Show all dimensions entered below. | CM53: Show all dimensions entered below.
A54: Moisture eventually gets through any discontinuity. Where does it go next? | K54: The job of the container is to enclose each module in its own (six sided) box.
A55: Deflect water away from electrical components. | J55: F.10.2.3.b | K55: Internal walls must extend to an internal or external lid above any module. | U55: Additional images may be placed below each section. | AO55: Additional images may be placed below each section. | BS55: Additional images may be placed below each section. | CC55: Additional images may be placed below each section. | CM55: Additional images may be placed below each section.
A56: Conformal coat is a great water barrier. Touch up after electrical probing. | K56: Any contribution of the container walls is not included in the module evaluation. | U56: =IF($A$16="IC - Internal Combustion","N/A", IF(COUNTIF(U64:AC89,"BLANK"),"BLANK",IF(COUNTIF(U64:AC89,"REJECT"),"REJECT",IF(COUNTIF(U64:AC89,"CHECK"),"CHECK","EQ")))) -> BLANK | W56: Tractive Battery | AE56: Module Test Loads | AO56: =IF($A$16="IC - Internal Combustion","N/A", IF(COUNTIF(AO59:AW80,"BLANK"),"BLANK",IF(COUNTIF(AO59:AW80,"REJECT"),"REJECT",IF(COUNTIF(AO59:AW80,"CHECK"),"CHECK","EQ")))) -> BLANK | AQ56: Module 40G Longitudinal, X | AY56: =IF($A$16="IC - Internal Combustion","N/A", IF(COUNTIF(AY59:BG80,"BLANK"),"BLANK",IF(COUNTIF(AY59:BG80,"REJECT"),"REJECT",IF(COUNTIF(AY59:BG80,"CHECK"),"CHECK","EQ")))) -> BLANK | BA56: Module 40G Lateral, Y | BI56: =IF($A$16="IC - Internal Combustion","N/A", IF(COUNTIF(BI59:BQ80,"BLANK"),"BLANK",IF(COUNTIF(BI59:BQ80,"REJECT"),"REJECT",IF(COUNTIF(BI59:BQ80,"CHECK"),"CHECK","EQ")))) -> BLANK | BK56: Module 20G Vertical, Z | BS56: =IF($A$16="IC - Internal Combustion","N/A", IF(COUNTIF(BS75:CA90,"BLANK"),"BLANK",IF(COUNTIF(BS75:CA90,"REJECT"),"REJECT",IF(COUNTIF(BS75:CA90,"CHECK"),"CHECK","EQ")))) -> BLANK | BU56: Module Attachment | CC56: =IF($A$16="IC - Internal Combustion","N/A", IF(COUNTIF(CC64:CK157,"BLANK"),"BLANK",IF(COUNTIF(CC64:CK157,"REJECT"),"REJECT",IF(COUNTIF(CC64:CK157,"CHECK"),"CHECK","EQ")))) -> BLANK | CE56: Walls And Floor | CM56: =IF($A$16="IC - Internal Combustion","N/A", IF(COUNTIF(CM66:CU172,"BLANK"),"BLANK",IF(COUNTIF(CM66:CU172,"REJECT"),"REJECT",IF(COUNTIF(CM66:CU172,"CHECK"),"CHECK","EQ")))) -> BLANK | CO56: Wall And Floor Joining
A57: Avoid flat, level surfaces where water can pool. | K57: For Tractive Batteries in the typical position behind the driver,
A58: Water runs off vertical circuit boards. | K58: we will not allow holes in the front Tractive Batteries wall or top. | CM58: In a nominal top lid arrangement, for all external and internal walls:
A59: Make airflow paths longer, up and down to block droplets, with drain holes. | K59: If airflow is needed to the front of the modules, the solution is to extend the container | U59: The module structures carry the load to the tractive battery container and mounts. | AE59: The test load is calculated in each direction from the acceleration, the number of modules in a line, | AO59: {=IF(COUNTIF(AW60:AW70,"BLANK"),"BLANK",IF(OR(SUMPRODUCT(--ISERROR(AW60:AW70))>0,COUNTIF(AW60:AW70,"REJECT")),"REJECT",IF(COUNTIF(AW60:AW70,"CHECK"),"CHECK","EQ")))} -> BLANK | AY59: {=IF(COUNTIF(BG60:BG70,"BLANK"),"BLANK",IF(OR(SUMPRODUCT(--ISERROR(BG60:BG70))>0,COUNTIF(BG60:BG70,"REJECT")),"REJECT",IF(COUNTIF(BG60:BG70,"CHECK"),"CHECK","EQ")))} -> BLANK | BI59: {=IF(COUNTIF(BQ60:BQ70,"BLANK"),"BLANK",IF(OR(SUMPRODUCT(--ISERROR(BQ60:BQ70))>0,COUNTIF(BQ60:BQ70,"REJECT")),"REJECT",IF(COUNTIF(BQ60:BQ70,"CHECK"),"CHECK","EQ")))} -> BLANK | BS59: F.10.1.6 | BT59: Open ended pop rivets are prohibited anywhere inside the Tractive Battery Container. | CC59: F.10.2.3 | CD59: Internal walls must separate all modules, reaching an internal or external lid above. | CM59: A vertical stitch weld or equivalent is required along the full height at each end of each wall.
A60: Airflow will introduce humidity and eventually condensation. | K60: forward, creating another compartment solely for airflow. | AE60: and the load scaling factor for 60C material properties. | AS60: Most similar material, X direction: | AW60: =IF(AT60="","BLANK","EQ") -> BLANK | BC60: Most similar material, X direction: | BG60: =IF(BD60="","BLANK","EQ") -> BLANK | BM60: Most similar material, X direction: | BQ60: =IF(BN60="","BLANK","EQ") -> BLANK | BT60: Pop rivets of any kind should not be used anywhere in the Tractive Battery Container. | CC60: F.10.2.5 | CD60: All internal and external walls and floors must be attached at all joints except for lids. | CM60: A stitch weld or equivalent is required along the full length of each wall to the floor.
A61: Provide drain holes to prevent pooling water from increasing internal humidity. | K61: A front compartment must meet the same requirements for Tractive Battery wall material. | U61: Module installation is expected to increase the strength of containers. | AV61: Enter the material used. For exact matches, type the name from the table. | AW61: EQ | BF61: Enter the material used. For exact matches, type the name from the table. | BG61: EQ | BP61: Enter the material used. For exact matches, type the name from the table. | BQ61: EQ | CC61: EV.4.3.2 | CD61: Electrical, plumbing, wiring, and fasteners are allowed to pass through internal walls. | CM61: Fastened walls must have spacing close enough to maintain > 135N / mm of length.
A62: Acceleration will move water around. | K62: If the extended side walls and floor are flush with the original container, | U62: EV.2.1 | V62: Additional documentation is required in the ESF. | AE62: The test load is used either for testing a spare module, or to show column equivalence. | AV62: For similar materials, enter the room temperature E and Sy for comparison. | AW62: EQ | BF62: For similar materials, enter the room temperature E and Sy for comparison. | BG62: EQ | BP62: For similar materials, enter the room temperature E and Sy for comparison. | BQ62: EQ | BS62: F.10.3.2 | BT62: Modules must be mechanically attached to the Container. | CC62: F.10.4 | CD62: Airflow holes are permitted in internal walls. | CM62: Shear and peel values or test results >60C are required for bonded joints.
A63: Moisture will go to the lowest point assisted by gravity. | K63: then 10 mm hole patterns may be used for airflow. | AS63: Module material, X direction: | AW63: =IF(AT63="","BLANK","EQ") -> BLANK | BC63: Module material, X direction: | BG63: =IF(BD63="","BLANK","EQ") -> BLANK | BM63: Module material, X direction: | BQ63: =IF(BN63="","BLANK","EQ") -> BLANK | BT63: Container lids are not mechanical attachments. | CM63: Both walls need a flange. Bonding on edge is prohibited without a sample showing >60C 135N/mm.
A64: Do not block paths to the bottom of the pack. | K64: Up to 25% of the total side wall and floor may be removed. | U64: =IF(COUNTIF(AC65:AC76,"BLANK"),"BLANK",IF(OR(SUMPRODUCT(--ISERROR(AC65:AC76))>0,COUNTIF(AC65:AC76,"REJECT")),"REJECT",IF(COUNTIF(AC65:AC76,"CHECK"),"CHECK","EQ"))) -> BLANK | AE64: There are different ways to establish material properties at 60C: | AT64: Room temperature modulus (E): | AV64: =IF($A$25="mm","Pa","psi") -> Pa | AW64: =IF(AT$63=AT$60,"N/A",IF(AT64="","BLANK","EQ")) -> N/A | BD64: Room temperature modulus (E): | BF64: =IF($A$25="mm","Pa","psi") -> Pa | BG64: =IF(BD$63=BD$60,"N/A",IF(BD64="","BLANK","EQ")) -> N/A | BN64: Room temperature modulus (E): | BP64: =IF($A$25="mm","Pa","psi") -> Pa | BQ64: =IF(BN$63=BN$60,"N/A",IF(BN64="","BLANK","EQ")) -> N/A | CC64: =IF(COUNTIF(CK65:CK66,"BLANK"),"BLANK",IF(OR(SUMPRODUCT(--ISERROR(CK65:CK66))>0,COUNTIF(CK65:CK66,"REJECT")),"REJECT",IF(COUNTIF(CK65:CK66,"CHECK"),"CHECK","EQ"))) -> BLANK
A65: Raise modules so they don't sit in water at the bottom of the container. | K65: Holes may be concentrated in the front airflow compartment. | Z65: Cell type: | AC65: =IF(AA65="","BLANK","EQ") -> BLANK | AE65: 1. We accept that there is no meaningful reduction in metal properties at 60C. | AT65: Room temperature yield (first knee, Sy): | AV65: =IF($A$25="mm","Pa","psi") -> Pa | AW65: =IF(AT$63=AT$60,"N/A",IF(AT65="","BLANK","EQ")) -> N/A | BD65: Room temperature yield (first knee, Sy): | BF65: =IF($A$25="mm","Pa","psi") -> Pa | BG65: =IF(BD$63=BD$60,"N/A",IF(BD65="","BLANK","EQ")) -> N/A | BN65: Room temperature yield (first knee, Sy): | BP65: =IF($A$25="mm","Pa","psi") -> Pa | BQ65: =IF(BN$63=BN$60,"N/A",IF(BN65="","BLANK","EQ")) -> N/A | BS65: Attachment may use a threaded fastener in tension. | CC65: EV.4.3.5 | CK65: =IF(CD65="","BLANK","EQ") -> BLANK | CM65: The lid must have attachments with positive locking on all sides of its perimeter.
A66: Provide drain holes to let water out but not in. | K66: Leave a few mm between holes, it still has to be a sturdy wall. | Z66: Maximum Voltage: | AB66: V | AC66: =IF(AA66="","BLANK","EQ") -> BLANK | AE66: 2. Provide room temperature properties for the material used in the module structure. | AT66: =_xlfn.CONCAT(AT60," room temperature modulus (E):") -> room temperature modulus (E): | AU66: =INDEX($AL$80:$AL$105,MATCH(AT60,$AG$80:$AG$105,0))/INDEX($AI$80:$AI$105,MATCH(AT60,$AG$80:$AG$105,0)) -> #N/A | AV66: =IF(AT$63=AT$60,1,AU64/AU66) -> 1 | AW66: =IF(AND(AV66>0.66,AV66<1.5),"EQ","CHECK") -> EQ | BD66: =_xlfn.CONCAT(BD60," room temperature modulus (E):") -> room temperature modulus (E): | BE66: =INDEX($AL$80:$AL$105,MATCH(BD60,$AG$80:$AG$105,0))/INDEX($AI$80:$AI$105,MATCH(BD60,$AG$80:$AG$105,0)) -> #N/A | BF66: =IF(BD$63=BD$60,1,BE64/BE66) -> 1 | BG66: =IF(AND(BF66>0.66,BF66<1.5),"EQ","CHECK") -> EQ | BN66: =_xlfn.CONCAT(BN60," room temperature modulus (E):") -> room temperature modulus (E): | BO66: =INDEX($AL$80:$AL$105,MATCH(BN60,$AG$80:$AG$105,0))/INDEX($AI$80:$AI$105,MATCH(BN60,$AG$80:$AG$105,0)) -> #N/A | BP66: =IF(BN$63=BN$60,1,BO64/BO66) -> 1 | BQ66: =IF(AND(BP66>0.66,BP66<1.5),"EQ","CHECK") -> EQ | BS66: If blind threads are used, another positive locking mechanism is required. | CG66: Any opening, including pressure relief valves, must face away from the driver, not facing upward. | CM66: {=IF(COUNTIF(CU67:CU77,"BLANK"),"BLANK",IF(OR(SUMPRODUCT(--ISERROR(CU67:CU77))>0,COUNTIF(CU67:CU77,"REJECT")),"REJECT",IF(COUNTIF(CU67:CU77,"CHECK"),"CHECK","EQ")))} -> BLANK
K67: Your design must meet EV.6.1.2, 100 mm x 6 mm round probe. | Z67: Cell mass: | AB67: g | AC67: =IF(AA67="","BLANK","EQ") -> BLANK | AE67: Select a material from the same family list below to scale its properties. | AT67: =_xlfn.CONCAT(AT60," room temperature yield (Sy):") -> room temperature yield (Sy): | AU67: =INDEX($AM$80:$AM$105,MATCH(AT60,$AG$80:$AG$105,0))/INDEX($AJ$80:$AJ$105,MATCH(AT60,$AG$80:$AG$105,0)) -> #N/A | AV67: =IF(AT$63=AT$60,1,AU65/AU67) -> 1 | AW67: =IF(AND(AV67>0.66,AV67<1.5),"EQ","CHECK") -> EQ | BD67: =_xlfn.CONCAT(BD60," room temperature yield (Sy):") -> room temperature yield (Sy): | BE67: =INDEX($AM$80:$AM$105,MATCH(BD60,$AG$80:$AG$105,0))/INDEX($AJ$80:$AJ$105,MATCH(BD60,$AG$80:$AG$105,0)) -> #N/A | BF67: =IF(BD$63=BD$60,1,BE65/BE67) -> 1 | BG67: =IF(AND(BF67>0.66,BF67<1.5),"EQ","CHECK") -> EQ | BN67: =_xlfn.CONCAT(BN60," room temperature yield (Sy):") -> room temperature yield (Sy): | BO67: =INDEX($AM$80:$AM$105,MATCH(BN60,$AG$80:$AG$105,0))/INDEX($AJ$80:$AJ$105,MATCH(BN60,$AG$80:$AG$105,0)) -> #N/A | BP67: =IF(BN$63=BN$60,1,BO65/BO67) -> 1 | BQ67: =IF(AND(BP67>0.66,BP67<1.5),"EQ","CHECK") -> EQ | CM67: F.10.2.5 | CR67: Vertical wall joining method: | CU67: =IF(CS67="","BLANK", IF(AND(CS67="Welded",OR(CH101="Composite",CH71="Composite")),"REJECT","EQ")) -> BLANK
K68: The location of internal holes is unregulated. | Z68: Nominal Capacity: | AB68: mAh | AC68: =IF(AA68="","BLANK","EQ") -> BLANK | AE68: 3. Provide manufacturer material properties at room temperature and at >=60C. | AS68: Method for equivalence: | AW68: =IF(AT68="","BLANK","EQ") -> BLANK | BC68: Method for equivalence: | BG68: =IF(BD68="","BLANK","EQ") -> BLANK | BM68: Method for equivalence: | BQ68: =IF(BN68="","BLANK","EQ") -> BLANK | BS68: Non-conductive fasteners and positive locking are recommended inside the Container. | CC68: F.10.2.1 | CG68: MINIMUM TRACTIVE BATTERY FLOOR | CR68: ="Average unit strength of 50% weld, "&IF($A$25="mm","0.9mm wall:","0.035in wall:") -> Average unit strength of 50% weld, 0.9mm wall: | CS68: =IF($A$25="mm",0.9*300*10^6*(1/10^6),0.035*43.5*10^3)*0.5 -> 135 | CT68: =IF($A$25="mm","N/mm","lbs/in") -> N/mm | CU68: EQ
K69: 10 mm holes and 75% module coverage continues to apply to all walls (internal or external) | Z69: Maximum module cells in series: | AC69: =IF(AA69="","BLANK","EQ") -> BLANK | AE69: 4. Perform coupon testing at room temperature and at >=60C to qualify different materials. | AT69: Load Scaling: | AU69: =IF(AT68<>"Room Temp Module Test",1,INDEX($AK$80:$AK$105,MATCH(AT60,$AG$80:$AG$105,0))) -> 1 | AW69: EQ | BD69: Load Scaling: | BE69: =IF(BD68<>"Room Temp Module Test",1,INDEX($AK$80:$AK$105,MATCH(BD60,$AG$80:$AG$105,0))) -> 1 | BG69: EQ | BN69: Load Scaling: | BO69: =IF(BN68<>"Room Temp Module Test",1,INDEX($AK$80:$AK$105,MATCH(BN60,$AG$80:$AG$105,0))) -> 1 | BQ69: EQ | BS69: Module designs with full shielding against dropped conductive items is strongly regommended. | CC69: {=IF(COUNTIF(CK70:CK96,"BLANK"),"BLANK",IF(OR(SUMPRODUCT(--ISERROR(CK70:CK96))>0,COUNTIF(CK70:CK96,"REJECT")),"REJECT",IF(COUNTIF(CK70:CK96,"CHECK"),"CHECK","EQ")))} -> BLANK | CM69: =IF(OR(CS67="Bonded",CS67=""),"", IF(CS67="Welded","10.2.5.a","F.10.2.5.b")) | CR69: =IF(OR(CS67="Bonded",CS67="",CS67="Continuous Layup"),"", IF(CS67="Welded","At least half the perimeter must be welded:","Fastener shear capability:")) | CT69: =IF(CS67="Welded","%",IF($A$25="mm","N","lbs")) -> N | CU69: =IF(OR(CS67="Bonded",CS67="",CS67="Continuous Layup"),"N/A", IF(CS69="","BLANK",IF(AND(CS67="Welded",CS69<50),"REJECT","EQ"))) -> N/A
K70: where holes are permitted. | Z70: Maximum module cells in parallel: | AC70: =IF(AA70="","BLANK","EQ") -> BLANK | AT70: =_xlfn.CONCAT("Compression Test Peak, X ",IF($A$25="mm","(N):","(lbs):")) -> Compression Test Peak, X (N): | AU70: ='F.10.3.5 Module Test'!H43*IF($A$25="mm",1,0.2248) -> 0 | AV70: ='F.10.3.5 Module Test'!I43 -> #DIV/0! | AW70: =IF(AT68="Column Math","N/A",IF(AV70>=1,"EQ","CHECK")) -> #DIV/0! | BD70: =_xlfn.CONCAT("Compression Test Peak, Y ",IF($A$25="mm","(N):","(lbs):")) -> Compression Test Peak, Y (N): | BE70: ='F.10.3.5 Module Test'!H44*IF($A$25="mm",1,0.2248) -> 0 | BF70: ='F.10.3.5 Module Test'!I44 -> #DIV/0! | BG70: =IF(BD68="Column Math","N/A",IF(BF70>=1,"EQ","CHECK")) -> #DIV/0! | BN70: =_xlfn.CONCAT("Compression Test Peak, Z ",IF($A$25="mm","(N):","(lbs):")) -> Compression Test Peak, Z (N): | BO70: ='F.10.3.5 Module Test'!H45*IF($A$25="mm",1,0.2248) -> 0 | BP70: ='F.10.3.5 Module Test'!I45 -> #DIV/0! | BQ70: =IF(BN68="Column Math","N/A",IF(BP70>=1,"EQ","CHECK")) -> #DIV/0! | CC70: F.10.4.3 | CH70: All module floor sections >= 75% area: | CK70: =IF(CI70="","BLANK",IF(AND(ISNUMBER(CI70),CI70>=0.75,CI70<=1),"EQ","REJECT")) -> BLANK | CR70: =IF(OR(CS67="Bonded",CS67="",CS67="Continuous Layup"),"", IF(CS67="Welded","Shortest weld >= 25mm (1in):","Maximum fastener spacing:")) | CT70: =IF($A$25="mm","mm","in") -> mm | CU70: =IF(OR(CS67="Bonded",CS67="",CS67="Continuous Layup"),"N/A",IF(CS70="","BLANK", IF(AND(CS67="Welded",OR(AND($A$25="mm",CS70<25),AND($A$25="Inch",CS70<1))),"REJECT","EQ"))) -> N/A
K71: Ducts may be freely attached to side, bottom, and rear openings without any review. | U71: EV.5.1.2 | Z71: Maximum module voltage: | AA71: =AA69*AA66 -> 0 | AB71: V | AC71: =IF(AA71="","BLANK",IF(AA71>120,"REJECT","EQ")) -> EQ | AE71: There are different ways to show equivalence for a module structure: | BS71: Attachments do not have to use fasteners. | CC71: F.10.2.1 | CD71: Tractive Battery Floor Construction: | CK71: =IF(CH71="","BLANK","EQ") -> BLANK | CR71: =IF(CS67="Bonded","Shear strength of adhesive (Use 'Fastened' for rivets):","") | CT71: =IF($A$25="mm","N/mm^2","psi") -> N/mm^2 | CU71: =IF(NOT(CS67="Bonded"),"N/A",IF(CS71="","BLANK","EQ")) -> N/A
K72: The front airflow compartment can technically be removable. | U72: EV.5.1.2 | Z72: Maximum module capacity: | AA72: =AA69*AA70*AA66*(AA68/1000)*0.0036 -> 0 | AB72: MJ | AC72: =IF(AA72="","BLANK",IF(AA72>6,"REJECT","EQ")) -> EQ | AE72: A. Use 60C material properties on this tab to calculate column strength higher than the test load. | AO72: {=IF(COUNTIF(AW73:AW80,"BLANK"),"BLANK",IF(OR(SUMPRODUCT(--ISERROR(AW73:AW80))>0,COUNTIF(AW73:AW80,"REJECT")),"REJECT",IF(COUNTIF(AW73:AW80,"CHECK"),"CHECK","EQ")))} -> EQ | AY72: {=IF(COUNTIF(BG73:BG80,"BLANK"),"BLANK",IF(OR(SUMPRODUCT(--ISERROR(BG73:BG80))>0,COUNTIF(BG73:BG80,"REJECT")),"REJECT",IF(COUNTIF(BG73:BG80,"CHECK"),"CHECK","EQ")))} -> EQ | BI72: {=IF(COUNTIF(BQ73:BQ80,"BLANK"),"BLANK",IF(OR(SUMPRODUCT(--ISERROR(BQ73:BQ80))>0,COUNTIF(BQ73:BQ80,"REJECT")),"REJECT",IF(COUNTIF(BQ73:BQ80,"CHECK"),"CHECK","EQ")))} -> EQ | BS72: Attachment may use material in shear, with positive locking keeping the material in place. | CH72: Steel: 1.25mm (0.049in), Aluminum: 3.2mm (.125in): | CJ72: =IF($A$25="mm","mm","in") -> mm | CK72: =IF(CH71="Composite","N/A",IF(CI72="","BLANK", IF(CH71="Isotropic","EQ", IF(AND(CH71="Steel",OR(AND($A$25="mm",CI72>=1.25),AND($A$25="Inch",CI72>=0.049))),"EQ", IF(AND(CH71="Aluminum",OR(AND($A$25="mm",CI72>=3.2),AND($A$25="Inch",CI72>=0.125))),"EQ","REJECT"))))) -> BLANK | CR72: =IF(CS67="Bonded","Minimum bond overlap:","") | CT72: =IF($A$25="mm","mm","in") -> mm | CU72: =IF(NOT(CS67="Bonded"),"N/A",IF(CS72="","BLANK","EQ")) -> N/A
K73: The fasteners must meet F.10.2.5.b, matching baseline weld strength. | Z73: Number of modules in series | AC73: =IF(AA73="","BLANK","EQ") -> BLANK | AE73: B. Use the load scaling factor to compress a spare module at room temperature in X,Y, and Z. | AT73: Number of columns in minimum front view cross section: | AW73: =IF(AT68<>"Column Math","N/A",IF(AU73="","BLANK","EQ")) -> N/A | BD73: Number of columns in minimum side view cross section: | BG73: =IF(BD68<>"Column Math","N/A",IF(BE73="","BLANK","EQ")) -> N/A | BN73: Number of columns in minimum top view cross section: | BQ73: =IF(BN68<>"Column Math","N/A",IF(BO73="","BLANK","EQ")) -> N/A | CH73: Material Used: | CK73: =IF(CI73="","BLANK",IF(AND($CS$67="Welded",ISNUMBER(SEARCH("Unwelded",CI73))),"REJECT","EQ")) -> BLANK | CM73: =IF(CS67="Bonded","F.5.5.3","F.10.2.5.b") -> F.10.2.5.b | CR73: =IF(CS67="Bonded","0.5*adhesive x overlap >= Unit baseline:",IF(CS67="Fastened","Fastener shear / spacing >= Unit baseline:","")) | CS73: =IF(CS67="Bonded",IF(CS72="","",0.5*CS71*CS72),IF(CS67="Fastened",IF(CS70="","",CS69/CS70),"")) | CT73: =IF(CS73="","",CS73/CS$68) | CU73: =IF(OR(CS$67="Welded",CS$67="Continuous Layup"),"N/A",IF(CS73<CS$68,"REJECT","EQ")) -> EQ
K74: As with any other container wall. | Z74: Number of modules in parallel: | AC74: =IF(AA74="","BLANK","EQ") -> BLANK | AE74: No cracking or permanent deformation is permitted at the test load. | AT74: Module front to rear length, X: | AV74: =IF($A$25="mm","mm","in") -> mm | AW74: =IF(AW$73="N/A","N/A",IF(AU74="","BLANK","EQ")) -> N/A | BD74: Module left to right width, Y: | BF74: =IF($A$25="mm","mm","in") -> mm | BG74: =IF(BG$73="N/A","N/A",IF(BE74="","BLANK","EQ")) -> N/A | BN74: Module top to bottom height, Z: | BP74: =IF($A$25="mm","mm","in") -> mm | BQ74: =IF(BQ$73="N/A","N/A",IF(BO74="","BLANK","EQ")) -> N/A | CH74: Panel thickness: | CI74: =IF(NOT(CH71="Composite"),CI72,CI75+CI77+CI76) -> 0 | CJ74: =IF($A$25="mm","mm","in") -> mm | CK74: =IF(NOT(OR(CH71="Isotropic",CH71="Composite")),"N/A","EQ") -> N/A | CR74: =IF(CS67="Fastened","--Tearout--Min fastener spacing or edge dist:","") | CT74: =IF($A$25="mm","mm","in") -> mm | CU74: =IF(NOT(CS$67="Fastened"),"N/A", IF(CS74="","BLANK","EQ")) -> N/A
U75: EV.3.3.2 | Z75: Maximum tractive battery voltage: | AA75: =AA73*AA71 -> 0 | AB75: V | AC75: =IF(AA75="","BLANK",IF(AA75>600,"REJECT","EQ")) -> EQ | AE75: C. Compress a spare module at >=60C in the X, Y, and Z directions. | AT75: Front view cross section of minimum column: | AV75: =IF($A$25="mm","mm^2","in^2") -> mm^2 | AW75: =IF(AW$73="N/A","N/A",IF(AU75="","BLANK","EQ")) -> N/A | BD75: Side view cross section of minimum column: | BF75: =IF($A$25="mm","mm^2","in^2") -> mm^2 | BG75: =IF(BG$73="N/A","N/A",IF(BE75="","BLANK","EQ")) -> N/A | BN75: Top view cross section of minimum column (A): | BP75: =IF($A$25="mm","mm^2","in^2") -> mm^2 | BQ75: =IF(BQ$73="N/A","N/A",IF(BO75="","BLANK","EQ")) -> N/A | BS75: {=IF(COUNTIF(CA75:CA90,"BLANK"),"BLANK",IF(OR(SUMPRODUCT(--ISERROR(CA75:CA90))>0,COUNTIF(CA75:CA90,"REJECT")),"REJECT",IF(COUNTIF(CA75:CA90,"CHECK"),"CHECK","EQ")))} -> BLANK | CC75: F.4.2.2.d | CE75: 50% < Core < 100%: | CF75: {=IF(ISREF(INDIRECT("'"&CI73&"'!$AE$82")), IF(INDIRECT("'"&CI73&"'!$AE$82")=0,(1+CI75)/(1+INDIRECT("'"&CI73&"'!$AE$82")), IF(CI75/IF($A$25="mm",INDIRECT("'"&CI73&"'!$AE$82"),INDIRECT("'"&CI73&"'!$AE$83"))<0.5, (CI75+IF($A$25="mm",0.127,0.005))/IF($A$25="mm",INDIRECT("'"&CI73&"'!$AE$82"),INDIRECT("'"&CI73&"'!$AE$83")), CI75/IF($A$25="mm",INDIRECT("'"&CI73&"'!$AE$82"),INDIRECT("'"&CI73&"'!$AE$83")))),"Typo")} -> Typo | CH75: Core thickness: | CJ75: =IF($A$25="mm","mm","in") -> mm | CK75: =IF(NOT(CH71="Composite"),"N/A",IF(CI75="","BLANK",IF(OR(CF75<0.5,CF75>1),"REJECT","EQ"))) -> N/A | CR75: =IF(CS67="Fastened","--Pullout--Fastener perimeter:","") | CT75: =IF($A$25="mm","mm","in") -> mm | CU75: =IF(NOT(CS$67="Fastened"),"N/A", IF(CS75="","BLANK","EQ")) -> N/A
K76: Are airflow holes permitted in Tractive Battery floors? | Z76: Maximum tractive battery capacity: | AA76: =AA73*AA71*AA74*AA70*(AA68/1000)/1000 -> 0 | AB76: kWh | AC76: =IF(AA76="","BLANK","EQ") -> EQ | AE76: No cracking or permanent deformation is permitted at the test load. | AT76: Front view MOI of minimum column: | AV76: =IF($A$25="mm","mm^4","in^4") -> mm^4 | AW76: =IF(AW$73="N/A","N/A",IF(AU76="","BLANK","EQ")) -> N/A | BD76: Side view MOI of minimum column: | BF76: =IF($A$25="mm","mm^4","in^4") -> mm^4 | BG76: =IF(BG$73="N/A","N/A",IF(BE76="","BLANK","EQ")) -> N/A | BN76: Top view MOI of minimum column (I): | BP76: =IF($A$25="mm","mm^4","in^4") -> mm^4 | BQ76: =IF(BQ$73="N/A","N/A",IF(BO76="","BLANK","EQ")) -> N/A | BW76: Module removal from container: | CA76: =IF(BX76="","BLANK","EQ") -> BLANK | CE76: Scaling option, layup repeats: | CH76: Outer skin thickness: | CI76: {=IF(ISREF(INDIRECT("'"&CI73&"'!$AE$84")),IF($A$25="mm",INDIRECT("'"&CI73&"'!$AE$84"),INDIRECT("'"&CI73&"'!$AE$85"))*IF(CF76="",1,CF76),"Layup")} -> Layup | CJ76: =IF($A$25="mm","mm","in") -> mm | CK76: =IF(NOT(CH71="Composite"),"N/A",IF(MOD(CF76,1)=0,"EQ","REJECT")) -> N/A | CR76: =IF(CS67="Fastened","Tearout shear: Wall shear*2*tearout*thickness/spacing:","") | CS76: =CI120*2*CS74*IF($A$25="mm",1/10^3,1)*CI115/CS70 -> #N/A | CT76: =IF(CS76="","",CS76/CS$68) -> #N/A | CU76: =IF(NOT(CS$67="Fastened"),"N/A",IF(CS76<CS$68,"REJECT","EQ")) -> N/A
AE77: Tested spare modules may never be installed in a Tractive Battery. | AT77: @60C (E): | AU77: =IF(AT63=AT60,INDEX($AL$80:$AL$105,MATCH(AT60,$AG$80:$AG$105,0)), INDEX($AI$80:$AI$105,MATCH(AT60,$AG$80:$AG$105,0))*AU64) -> #N/A | AV77: =IF($A$25="mm","Pa","psi") -> Pa | AW77: =IF(AW$73="N/A","N/A",IF(AU77="","BLANK","EQ")) -> N/A | BD77: @60C (E): | BE77: =IF(BD63=BD60,INDEX($AL$80:$AL$105,MATCH(BD60,$AG$80:$AG$105,0)), INDEX($AI$80:$AI$105,MATCH(BD60,$AG$80:$AG$105,0))*BE64) -> #N/A | BF77: =IF($A$25="mm","Pa","psi") -> Pa | BG77: =IF(BG$73="N/A","N/A",IF(BE77="","BLANK","EQ")) -> N/A | BN77: @60C (E): | BO77: =IF(BN63=BN60,INDEX($AL$80:$AL$105,MATCH(BN60,$AG$80:$AG$105,0)), INDEX($AI$80:$AI$105,MATCH(BN60,$AG$80:$AG$105,0))*BO64) -> #N/A | BP77: =IF($A$25="mm","Pa","psi") -> Pa | BQ77: =IF(BQ$73="N/A","N/A",IF(BO77="","BLANK","EQ")) -> N/A | BX77: =IF(BY77="Tension","All fasteners in tension:","Some fasteners in shear:") -> Some fasteners in shear: | CA77: =IF(BY77="","BLANK","EQ") -> BLANK | CE77: Scaling option, layup repeats: | CH77: Inner skin thickness: | CI77: {=IF(ISREF(INDIRECT("'"&CI73&"'!$AE$86")),IF($A$25="mm",INDIRECT("'"&CI73&"'!$AE$86"),INDIRECT("'"&CI73&"'!$AE$87"))*IF(CF77="",1,CF77),"Typo")} -> Typo | CJ77: =IF($A$25="mm","mm","in") -> mm | CK77: =IF(NOT(CH71="Composite"),"N/A",IF(MOD(CF77,1)=0,"EQ","REJECT")) -> N/A | CR77: =IF(CS67="Fastened","Pullout shear: Wall shear*pullout*thickness/spacing:","") | CS77: =CI120*CS75*IF($A$25="mm",1/10^3,1)*CI115/CS70 -> #N/A | CT77: =IF(CS77="","",CS77/CS$68) -> #N/A | CU77: =IF(NOT(CS$67="Fastened"),"N/A",IF(CS77<CS$68,"REJECT","EQ")) -> N/A
K78: The floor of the Tractive Battery is treated like any other wall. | U78: {=IF(COUNTIF(AC79:AC83,"BLANK"),"BLANK",IF(OR(SUMPRODUCT(--ISERROR(AC79:AC83))>0,COUNTIF(AC79:AC83,"REJECT")),"REJECT",IF(COUNTIF(AC79:AC83,"CHECK"),"CHECK","EQ")))} -> BLANK | AK78: 60C PROPERTIES | AT78: 60C Yield (Sy): | AU78: =IF(AT63=AT60,INDEX($AM$80:$AM$105,MATCH(AT60,$AG$80:$AG$105,0)), INDEX($AJ$80:$AJ$105,MATCH(AT60,$AG$80:$AG$105,0))*AU65) -> #N/A | AV78: =IF($A$25="mm","Pa","psi") -> Pa | AW78: =IF(AW$73="N/A","N/A",IF(AU78="","BLANK","EQ")) -> N/A | BD78: 60C Yield (Sy): | BE78: =IF(BD63=BD60,INDEX($AM$80:$AM$105,MATCH(BD60,$AG$80:$AG$105,0)), INDEX($AJ$80:$AJ$105,MATCH(BD60,$AG$80:$AG$105,0))*BE65) -> #N/A | BF78: =IF($A$25="mm","Pa","psi") -> Pa | BG78: =IF(BG$73="N/A","N/A",IF(BE78="","BLANK","EQ")) -> N/A | BN78: 60C Yield (Sy): | BO78: =IF(BN63=BN60,INDEX($AM$80:$AM$105,MATCH(BN60,$AG$80:$AG$105,0)), INDEX($AJ$80:$AJ$105,MATCH(BN60,$AG$80:$AG$105,0))*BO65) -> #N/A | BP78: =IF($A$25="mm","Pa","psi") -> Pa | BQ78: =IF(BQ$73="N/A","N/A",IF(BO78="","BLANK","EQ")) -> N/A | BX78: =_xlfn.CONCAT("Number of attachments per module",IF(BY77="Shear"," (2x if double shear):",":")) -> Number of attachments per module: | BZ78: =IF($A$25="mm","mm","in") -> mm | CA78: =IF(BY78="","BLANK","EQ") -> BLANK | CC78: Flat Panel Properties | CF78: Flat Panel Properties | CI78: Flat Panel Properties | CQ78: Fasteners must pass through both skins of a sandwich panel.
K79: Openings are legal per F.10.4. | Z79: Tractive Battery, number of modules high: | AC79: =IF(AA79="","BLANK","EQ") -> BLANK | AE79: TYPE | AG79: BRAND | AI79: E % | AJ79: Sy % | AK79: Load | AL79: =_xlfn.CONCAT("E ",IF($A$25="mm","(Pa)","(psi)")) -> E (Pa) | AM79: =_xlfn.CONCAT("Sy ",IF($A$25="mm","(Pa)","(psi)")) -> Sy (Pa) | AT79: Test load, long accel 40*mass*modules_long*load_scaling: | AU79: =40*IF($A$25="mm",9.81,1)*$AA$83*AA81*AU69 -> 0 | AV79: =IF($A$25="mm","N","lbs") -> N | AW79: =IF(AW$73="N/A","N/A",IF(AU79=0,"BLANK","EQ")) -> N/A | AY79: F.10.3.1.b | BD79: Lateral acceleration 40*mass*modules_wide: | BE79: =40*IF($A$25="mm",9.81,1)*$AA$83*AA80*BE69 -> 0 | BF79: =IF($A$25="mm","N","lbs") -> N | BG79: =IF(BG$73="N/A","N/A",IF(BE79=0,"BLANK","EQ")) -> N/A | BI79: F.10.3.1.c | BN79: Vertical acceleration 20*mass*modules_high: | BO79: =20*IF($A$25="mm",9.81,1)*$AA$83*AA79*BO69 -> 0 | BP79: =IF($A$25="mm","N","lbs") -> N | BQ79: =IF(BQ$73="N/A","N/A",IF(BO79=0,"BLANK","EQ")) -> N/A | BX79: Minimum attachment diameter (minor if threads in shear): | BZ79: =IF($A$25="mm","mm","in") -> mm | CA79: =IF(BY79="","BLANK","EQ") -> BLANK | CC79: Outer (b) | CD79: =IF($A$25="mm",CI70/1000,CI70) -> 0 | CE79: =IF($A$25="mm","m","in") -> m | CF79: A1 | CG79: =CD79*CD80 -> #VALUE! | CH79: =IF($A$25="mm","m^2","in^2") -> m^2 | CI79: I1 | CJ79: =(CD79*CD80^3)/12 -> #VALUE! | CK79: =IF($A$25="mm","m^4","in^4") -> m^4
K80: Please note we take the T.7.1.2 ban on powered ground effect very seriously. | Z80: Tractive Battery, number of modules wide: | AC80: =IF(AA80="","BLANK","EQ") -> BLANK | AE80: Steel | AG80: =E3 -> Steel Unwelded | AI80: 1 | AJ80: 1 | AK80: 1 | AL80: =G3 -> 200000000000 | AM80: =L3 -> 305000000 | AT80: =IF(AU74*0.5*SQRT(AU75/AU76)<SQRT((2*AU77*PI()^2)/AU78), "No. columns * A * ( Sy-(A/EI) * (Sy*0.5*L/2pi)^2) (Johnson):", "No. columns * pi^2 * EI / (0.5L)^2 (Euler):") -> #DIV/0! | AU80: =IF(AU74*0.5*SQRT(AU75/AU76)<SQRT((2*AU77*PI()^2)/AU78), AU73*AU75*(AU78-(AU75/(AU77*AU76))*((AU78*0.5*AU74)/(2*PI()))^2), AU73*(PI()^2)*AU77*AU76/((0.5*AU74)^2))*IF($A$25="mm",1/10^6,1) -> #DIV/0! | AV80: =IF(AU79=0,0,AU80/AU79) -> 0 | AW80: =IF(AW$73="N/A","N/A",IF(AV80=0,"BLANK",IF(AV80<1,"CHECK","EQ"))) -> N/A | BD80: =IF(BE74*0.5*SQRT(BE75/BE76)<SQRT((2*BE77*PI()^2)/BE78), "No. columns * A * ( Sy-(A/EI) * (Sy*0.5*L/2pi)^2) (Johnson):", "No. columns * pi^2 * EI / (0.5L)^2 (Euler):") -> #DIV/0! | BE80: =IF(BE74*0.5*SQRT(BE75/BE76)<SQRT((2*BE77*PI()^2)/BE78), BE73*BE75*(BE78-(BE75/(BE77*BE76))*((BE78*0.5*BE74)/(2*PI()))^2), BE73*(PI()^2)*BE77*BE76/((0.5*BE74)^2))*IF($A$25="mm",1/10^6,1) -> #DIV/0! | BF80: =IF(BE79=0,0,BE80/BE79) -> 0 | BG80: =IF(BG$73="N/A","N/A",IF(BF80=0,"BLANK",IF(BF80<1,"CHECK","EQ"))) -> N/A | BN80: =IF(BO74*0.5*SQRT(BO75/BO76)<SQRT((2*BO77*PI()^2)/BO78), "No. columns * A * ( Sy-(A/EI) * (Sy*0.5*L/2pi)^2) (Johnson):", "No. columns * pi^2 * EI / (0.5L)^2 (Euler):") -> #DIV/0! | BO80: =IF(BO74*0.5*SQRT(BO75/BO76)<SQRT((2*BO77*PI()^2)/BO78), BO73*BO75*(BO78-(BO75/(BO77*BO76))*((BO78*0.5*BO74)/(2*PI()))^2), BO73*(PI()^2)*BO77*BO76/((0.5*BO74)^2))*IF($A$25="mm",1/10^6,1) -> #DIV/0! | BP80: =IF(BO79=0,0,BO80/BO79) -> 0 | BQ80: =IF(BQ$73="N/A","N/A",IF(BP80=0,"BLANK",IF(BP80<1,"CHECK","EQ"))) -> N/A | BT80: Attachment material: | BX80: UTS (Su): | BZ80: =IF($A$25="mm","Pa","psi") -> Pa | CA80: =IF(OR(BU80="",BY80=""),"BLANK","EQ") -> BLANK | CC80: Outer (h) | CD80: =IF($A$25="mm",CI76/1000,CI76) -> #VALUE! | CE80: =IF($A$25="mm","m","in") -> m | CF80: A2 | CG80: =CD82*CD83 -> #VALUE! | CH80: =IF($A$25="mm","m^2","in^2") -> m^2 | CI80: I2 | CJ80: =(CD82*CD83^3)/12 -> #VALUE! | CK80: =IF($A$25="mm","m^4","in^4") -> m^4 | CM80: If different joining methods are used in different areas, fill out this section for each, and screenshot.
K81: As long as your team does not attempt to vary or control downforce or drag | Z81: Tractive Battery, number of modules long: | AC81: =IF(AA81="","BLANK","EQ") -> BLANK | AE81: Steel | AG81: =E4 -> Steel Welded | AI81: 1 | AJ81: 1 | AK81: 1 | AL81: =G4 -> 200000000000 | AM81: =L4 -> 2.5068493e+08 | BX81: =_xlfn.CONCAT(BX76," acceleration ",IF(BX76="Vertical",20,40),"*mass:") -> acceleration 40*mass: | BY81: =IF(BX76="Vertical",20,40)*AA83*IF($A$25="mm",9.81,1) -> 0 | BZ81: =IF(BY80="Welded","%",IF($A$25="mm","N","lbs")) -> N | CA81: EQ | CC81: Thickness | CD81: =IF($A$25="mm",CI74/1000,CI74) -> 0 | CE81: =IF($A$25="mm","m","in") -> m | CF81: y1 | CG81: =CD80/2 -> #VALUE! | CH81: =IF($A$25="mm","m","in") -> m | CI81: Ic1 | CJ81: =IF(CG83="","",CJ79+(CG79*(CG83-CG81)^2)) -> #VALUE! | CK81: =IF($A$25="mm","m^4","in^4") -> m^4
K82: performance with the fans, we will not consider this a powered ground effect. | W82: S x P = | X82: =AA73*AA74 -> 0 | Z82: L x W x H = | AA82: =AA79*AA80*AA81 -> 0 | AC82: =IF(X82=AA82,"EQ",IF(OR(X82=0,AA82=0),"BLANK","CHECK")) -> EQ | AE82: Aluminum | AG82: =E5 -> 6061-T6 Unwelded | AI82: 1 | AJ82: 1 | AK82: 1 | AL82: =G5 -> 69000000000 | AM82: =L5 -> 240000000 | BX82: =IF(BY77="Shear", _xlfn.CONCAT("Fastener shear ","No.Fasteners*","0.577*UTS*pi*r^2",":"), _xlfn.CONCAT("Fastener tensile ","No.Fasteners*","UTS*pi*r^2",":")) -> Fastener tensile No.Fasteners*UTS*pi*r^2: | BY82: =BY78*IF(BY77="Shear",0.577,1)*(BY80*PI()*(BY79/2)^2)*IF($A$25="mm",1/10^6,1) -> 0 | BZ82: =BY82/BY$81 -> #DIV/0! | CA82: =IF(BZ82>=1,"EQ",IF(BZ82>=0.95,"CHECK","REJECT")) -> #DIV/0! | CC82: Inner (b) | CD82: =IF($A$25="mm",CI70/1000,CI70) -> 0 | CE82: =IF($A$25="mm","m","in") -> m | CF82: y2 | CG82: =(CD81-0.5*CD83) -> #VALUE! | CH82: =IF($A$25="mm","m","in") -> m | CI82: Ic2 | CJ82: =IF(CG83="","",CJ80+(CG80*(CG83-CG82)^2)) -> #VALUE! | CK82: =IF($A$25="mm","m^4","in^4") -> m^4
K83: Reasonably sized cooling fans steadily flowing air through the blockages of electronics | U83: F.10.2.3.c | Z83: Maximum module mass <=12kg (26.4lbs): | AB83: =IF($A$25="mm","kg","lbs") -> kg | AC83: =IF(AA83="","BLANK",IF($A$25="mm",IF(AA83>12,"REJECT","EQ"),IF(AA83>26.4,"REJECT","EQ"))) -> BLANK | AE83: Aluminum | AG83: =E6 -> 6061-T6 Welded | AI83: 1 | AJ83: 1 | AK83: 1 | AL83: =G6 -> 69000000000 | AM83: =L6 -> 105000000 | BX83: =_xlfn.CONCAT("Module ", IF(BY77="Shear","tearout","pullout")," thickness or thread depth at attachment:") -> Module pullout thickness or thread depth at attachment: | BZ83: =IF($A$25="mm","mm","in") -> mm | CA83: =IF(BY83="","BLANK","EQ") -> BLANK | CC83: Inner (h) | CD83: =IF($A$25="mm",CI77/1000,CI77) -> #VALUE! | CE83: =IF($A$25="mm","m","in") -> m | CF83: Centroid | CG83: =IF(OR(CI70="",CI76="",CI77=""),0,(CG79*CG81+CG80*CG82)/(CG79+CG80)) -> 0 | CH83: =IF($A$25="mm","m","in") -> m | CI83: Ic12 | CJ83: =IF(CG83="",0,CJ81+CJ82) -> #VALUE! | CK83: =IF($A$25="mm","m^4","in^4") -> m^4
K84: and cells should have minimal vehicle aerodynamic effects. | AE84: Aluminum | AG84: =E7 -> 5052-H32 Unwelded | AI84: 1 | AJ84: 1 | AK84: 1 | AL84: =G7 -> 70300000000 | AM84: =L7 -> 160000000 | BX84: =IF(BY77="Shear","--Tearout--Min fastener spacing, edge, or thinner material dist:","--Pullout--Attachment perimeter or thread circumference:") -> --Pullout--Attachment perimeter or thread circumference: | BZ84: =IF($A$25="mm","mm","in") -> mm | CA84: =IF(BY84="","BLANK","EQ") -> BLANK | CG84: Baseline Steel | CI84: =CH71 -> 0
K85: Don't push it, and you should be fine. | AE85: Aluminum | AG85: =E8 -> 5052-H32 Welded | AI85: 1 | AJ85: 1 | AK85: 1 | AL85: =G8 -> 70300000000 | AM85: =L8 -> 65000000 | BT85: Module material: | BX85: Shear: | BZ85: =IF($A$25="mm","Pa","psi") -> Pa | CA85: =IF(OR(BU85="",BY85=""),"BLANK","EQ") -> BLANK | CD85: Thickness: | CH85: =IF($A$25="mm",1.25/1000,0.049) -> 0.00125 | CI85: =IF(CH71="Composite",CI76+CI77,CI74)*IF($A$25="mm",1/1000,1) -> 0 | CJ85: =IF($A$25="mm","m","in") -> m | CK85: =IF(NOT(OR(CH71="Isotropic",CH71="Composite")),"N/A","EQ") -> N/A
U86: {=IF(COUNTIF(AC87:AC89,"BLANK"),"BLANK",IF(OR(SUMPRODUCT(--ISERROR(AC87:AC89))>0,COUNTIF(AC87:AC89,"REJECT")),"REJECT",IF(COUNTIF(AC87:AC89,"CHECK"),"CHECK","EQ")))} -> BLANK | AE86: Other | AG86: =E9 -> Other Unwelded | AI86: 1 | AJ86: 1 | AK86: 1 | AL86: =G9 -> 0 | AM86: =L9 -> 0 | BX86: =_xlfn.CONCAT("Module ", IF(BY77="Shear","tearout: Shear*Thickness*2*Tearout","pullout: Shear*Thickness*Pullout"),"*Number:") -> Module pullout: Shear*Thickness*Pullout*Number: | BY86: =BY83*BY84*BY85*IF(BY$77="Shear",2,1)*BY$78*IF($A$25="mm",1/10^6,1) -> 0 | BZ86: =BY86/BY$81 -> #DIV/0! | CA86: =IF(BZ86>=1,"EQ",IF(BZ86>=0.95,"CHECK","REJECT")) -> #DIV/0! | CD86: Cross sectional area (A): | CH86: =CI70*CH85/IF($A$25="mm",1000,1) -> 0 | CI86: =CI70*IF(CH71="Composite",CG79+CG80,CI85/IF($A$25="mm",1000,1)) -> 0 | CJ86: =IF($A$25="mm","m^2","in^2") -> m^2 | CK86: =IF(NOT(OR(CH71="Isotropic",CH71="Composite")),"N/A","EQ") -> N/A
K87: 60 deg C Tractive Battery Container Material and Adhesive Testing | Z87: Tractive Battery total front to rear length: | AB87: =IF($A$25="mm","mm","in") -> mm | AC87: =IF(AND(AA87>=0,ISNUMBER(AA87)),"EQ","BLANK") -> BLANK | AE87: Other | AG87: =E10 -> Other Welded | AI87: 1 | AJ87: 1 | AK87: 1 | AL87: =G10 -> 0 | AM87: =L10 -> 0 | BX87: =_xlfn.CONCAT("Container ",IF(BY77="Shear","tearout","pullout")," thickness or thread depth at attachment:") -> Container pullout thickness or thread depth at attachment: | BZ87: =IF($A$25="mm","mm","in") -> mm | CA87: =IF(BY87="","BLANK","EQ") -> BLANK | CD87: Second moment of inertia (I): | CH87: =IF($A$25="mm",1/1000,1)*CI70*CH85^3/12 -> 0 | CI87: =IF(CH71="Composite",CJ83,IF($A$25="mm",1/1000,1)*CI70*CI85^3/12) -> 0 | CJ87: =IF($A$25="mm","m^4","in^4") -> m^4 | CK87: =IF(NOT(OR(CH71="Isotropic",CH71="Composite")),"N/A","EQ") -> N/A
Z88: Tractive Battery total left to right width: | AB88: =IF($A$25="mm","mm","in") -> mm | AC88: =IF(AND(AA88>=0,NOT(AA88="")),"EQ","BLANK") -> BLANK | AE88: ABS | AG88: LG Injection Molded | AI88: 0.84 | AJ88: 0.74285714 | AK88: =1/(AI88*AJ88) -> 1.6025641 | AL88: =2.1*10^9*IF($A$25="mm",1,1/6894.76) -> 2100000000 | AM88: =26*10^6*IF($A$25="mm",1,1/6894.76) -> 26000000 | BX88: =IF(BY77="Shear","--Tearout--Min fastener spacing, edge, or thinner material dist:","--Pullout--Attachment perimeter or thread circumference:") -> --Pullout--Attachment perimeter or thread circumference: | BZ88: =IF($A$25="mm","mm","in") -> mm | CA88: =IF(BY88="","BLANK","EQ") -> BLANK | CC88: F.3.4.2 | CD88: Young's Modulus (E): | CH88: =$G$4 -> 200000000000 | CI88: =INDEX($G$3:$G$21,MATCH(CI73,$E$3:$E$21,0)) -> #N/A | CJ88: =IF($A$25="mm","Pa","psi") -> Pa | CK88: =IF(NOT(OR(CH71="Isotropic",CH71="Composite")),"N/A",IF(CI88=0,"BLANK","EQ")) -> N/A
K89: Tractive Batteries are allowed to run at up to 59.9 deg C on track. | Z89: Tractive Battery total bottom to top height: | AB89: =IF($A$25="mm","mm","in") -> mm | AC89: =IF(AND(AA89>=0,NOT(AA89="")),"EQ","BLANK") -> BLANK | AE89: ABS+PC | AG89: Bayblend FR3010 | AI89: 0.84615385 | AJ89: 0.74193548 | AK89: =1/(AI89*AJ89) -> 1.5928854 | AL89: =2.2*10^9*IF($A$25="mm",1,1/6894.76) -> 2200000000 | AM89: =46*10^6*IF($A$25="mm",1,1/6894.76) -> 46000000 | BT89: Container material: | BX89: Shear: | BZ89: =IF($A$25="mm","Pa","psi") -> Pa | CA89: =IF(OR(BU89="",BY89=""),"BLANK","EQ") -> BLANK | CC89: Ultimate Tensile and Bending Strength (S): | CH89: =$I$4 -> 300000000 | CI89: =INDEX($I$3:$I$21,MATCH(CI73,$E$3:$E$21,0)) -> #N/A | CJ89: =IF(OR(CI89=0,CI89=""),0,CI89/CH89) -> #N/A | CK89: =IF(NOT(OR(CH71="Isotropic",CH71="Composite")),"N/A",IF(OR(CI89="",CI89=0),"BLANK",IF(CI89>=1,"EQ",IF(CI89>=0.95,"CHECK","REJECT")))) -> N/A
K90: Steel and aluminum properties are not significantly affected at this temperature. | Y90: Non-module volumes must be included in mount offset, rows 61-63. | AE90: CPVC | AG90: Corzan | AI90: 0.65517241 | AJ90: 0.68 | AK90: =1/(AI90*AJ90) -> 2.244582 | AL90: =1.9*10^9*IF($A$25="mm",1,1/6894.76) -> 1900000000 | AM90: =34*10^6*IF($A$25="mm",1,1/6894.76) -> 34000000 | BX90: =_xlfn.CONCAT("Container ", IF(BY77="Shear","tearout: Shear*Thickness*2*Tearout","pullout: Shear*Thickness*Pullout"),"*Number:") -> Container pullout: Shear*Thickness*Pullout*Number: | BY90: =BY87*BY88*BY89*IF(BY$77="Shear",2,1)*BY$78*IF($A$25="mm",1/10^6,1) -> 0 | BZ90: =BY90/BY$81 -> #DIV/0! | CA90: =IF(BZ90>=1,"EQ",IF(BZ90>=0.95,"CHECK","REJECT")) -> #DIV/0! | CD90: Shear: | CH90: =$K$4 -> 173100000 | CI90: =INDEX($K$3:$K$21,MATCH(CI73,$E$3:$E$21,0)) -> #N/A | CJ90: =IF(OR(CI90=0,CI90=""),0,CI90/CH90) -> #N/A | CK90: =IF(NOT(OR(CH71="Isotropic",CH71="Composite")),"N/A",IF(OR(CI90="",CI90=0),"BLANK","EQ")) -> N/A
K91: But most plastics and adhesives are softened. | Y91: Do not mount to non-module volumes. | AE91: Fiberglass | AG91: G10 FR4 | AI91: 0.82089552 | AJ91: 0.82061069 | AK91: =1/(AI91*AJ91) -> 1.484482 | AL91: =19.8*10^9*IF($A$25="mm",1,1/6894.76) -> 19800000000 | AM91: =215*10^6*IF($A$25="mm",1,1/6894.76) -> 215000000 | CC91: Buckling Modulus | CE91: E_1*I_1 <= E_2*I_2: | CH91: =CH88*CH87 -> 0 | CI91: =IF(CI88=0,0,CI88*CI87) -> #N/A | CJ91: =IF(OR(CH91=0,CI91=""),0,CI91/CH91) -> #N/A | CK91: =IF(NOT(OR(CH71="Isotropic",CH71="Composite")),"N/A",IF(CJ91="","EQ",IF(CJ91>=1,"EQ",IF(CJ91>=0.95,"CHECK","REJECT")))) -> N/A
K92: F.10.1.4 requires material properties to be considered >= 60 deg C. | AE92: Fiberglass | AG92: GPO-3 | AI92: 0.5982906 | AJ92: 0.85526316 | AK92: =1/(AI92*AJ92) -> 1.9542857 | AL92: =7*10^9*IF($A$25="mm",1,1/6894.76) -> 7000000000 | AM92: =130*10^6*IF($A$25="mm",1,1/6894.76) -> 130000000 | CC92: UTS | CD92: S_1*A_1 <= S_2*A_2: | CH92: =CH89*CH86 -> 0 | CI92: =IF(OR(CH68="Tube",CI88=0),0,CI89*CI86) -> #N/A | CJ92: =IF(OR(CH92=0,CI92=""),0,CI92/CH92) -> #N/A | CK92: =IF(NOT(OR(CH71="Isotropic",CH71="Composite")),"N/A",IF(OR(CI86=0,CI89=0),"BLANK",IF(CJ92>=1,"EQ",IF(CJ92>=0.95,"CHECK","REJECT")))) -> N/A
K93: This is applied to both the container (which may be carbon fiber in a plastic matrix) | AE93: Nylon | AG93: HP 3D High Reusability PA 12 | AI93: 0.38888889 | AJ93: 0.48543689 | AK93: =1/(AI93*AJ93) -> 5.2971429 | AL93: =0.7*10^9*IF($A$25="mm",1,1/6894.76) -> 700000000 | AM93: =25*10^6*IF($A$25="mm",1,1/6894.76) -> 25000000 | CC93: Bending | CD93: 4*S_1*I_1/r <= 4*S_2*I_2/r: | CH93: =4*CH89*CH87/(CH85/2) -> 0 | CI93: =IF(CI88=0,0,4*CI89*CI87/(IF(CH71="Composite",MAX(ABS(CG83-CG81),ABS(CG83-CG82)),CI85/2))) -> #N/A | CJ93: =IF(OR(CH93=0,CI93=""),0,CI93/CH93) -> #N/A | CK93: =IF(NOT(OR(CH71="Isotropic",CH71="Composite")),"N/A",IF(OR(CI87=0,CI89=0),"BLANK",IF(CJ93>=1,"EQ",IF(CJ93>=0.95,"CHECK","REJECT")))) -> N/A
K94: and the module structures (which are frequently plastic.) | AE94: Nylon+CF | AG94: Stratasys 12CF 35% | AI94: 0.63333333 | AJ94: 0.82568807 | AK94: =1/(AI94*AJ94) -> 1.9122807 | AL94: =1.9*10^9*IF($A$25="mm",1,1/6894.76) -> 1900000000 | AM94: =27*10^6*IF($A$25="mm",1,1/6894.76) -> 27000000 | CC94: Deflection | CD94: Bending_1/(48*EI): | CH94: =IF(CH87=0,0,CH93/(48*CH88*CH87)) -> 0 | CI94: =IF(OR(CI93="",CI88=0),0,CH93/(48*CI88*CI87)) -> #N/A | CJ94: =IF(OR(CH94=0,CI94=""),0,CI94/CH94) -> #N/A | CK94: =IF(NOT(OR(CH71="Isotropic",CH71="Composite")),"N/A",IF(OR(CI93=0,CI88=0,CI87=0),"BLANK",IF(CJ94<=1,"EQ",IF(CJ94<=1.05,"CHECK","REJECT")))) -> N/A
K95: F.10.1.5 requires adhesive properties to be considered >= 60 deg C. | AE95: PC | AG95: Fortus PC | AI95: 0.96135003 | AJ95: 0.79722704 | AK95: =1/(AI95*AJ95) -> 1.3047774 | AL95: =1.766*10^9*IF($A$25="mm",1,1/6894.76) -> 1766000000 | AM95: =46*10^6*IF($A$25="mm",1,1/6894.76) -> 46000000 | CC95: Energy | CD95: 0.5*Bending^2/(48*EI): | CH95: =IF(CH87=0,0,0.5*CH93^2/(48*CH88*CH87)) -> 0 | CI95: =IF(OR(CI93="",CI88=0),0,0.5*CI93^2/(48*(CI88*CI87))) -> #N/A | CJ95: =IF(OR(CH95=0,CI95=""),0,CI95/CH95) -> #N/A | CK95: =IF(NOT(OR(CH71="Isotropic",CH71="Composite")),"N/A",IF(OR(CI93=0,CI88=0,CI87=0),"BLANK",IF(CJ95>=1,"EQ",IF(CJ95>=0.95,"CHECK","REJECT")))) -> N/A
K96: If reference properties are not available >= 60 deg C for a regulated Tractive Battery | AE96: PC | AG96: Makrolon 2405 | AI96: 0.92307692 | AJ96: 0.76153846 | AK96: =1/(AI96*AJ96) -> 1.4225589 | AL96: =2.4*10^9*IF($A$25="mm",1,1/6894.76) -> 2400000000 | AM96: =49.5*10^6*IF($A$25="mm",1,1/6894.76) -> 49500000 | CC96: Shear | CG96: Shear x Thickness: | CH96: =CH85*CH90 -> 216375 | CI96: =CI90*IF(CH71="Composite",IF(CI75>0,CI76*IF($A$25="mm",1/1000,1),CI85)) -> #N/A | CJ96: =CI96/CH96 -> #N/A | CK96: =IF(NOT(OR(CH71="Isotropic",CH71="Composite")),"N/A",IF(OR(CI90=0,CI86=0),"BLANK",IF(CJ96>=1,"EQ",IF(CJ96>=0.95,"CHECK","REJECT")))) -> N/A
K97: material or adhesive, how are these properties established? | AE97: PC FR | AG97: Bambu Lab (Z-axis) | AI97: 0.64 | AJ97: 0.87301587 | AK97: =1/(AI97*AJ97) -> 1.7897727 | AL97: =1.6*10^9*IF($A$25="mm",1,1/6894.76) -> 1600000000 | AM97: =11*10^6*IF($A$25="mm",1,1/6894.76) -> 11000000
K98: F.4.2.4 uses a three point test to derive composite material properties. | AE98: PC+FG | AG98: Makrolon 9415 10% | AI98: 0.91463415 | AJ98: 0.72413793 | AK98: =1/(AI98*AJ98) -> 1.5098413 | AL98: =3.75*10^9*IF($A$25="mm",1,1/6894.76) -> 3750000000 | AM98: =42*10^6*IF($A$25="mm",1,1/6894.76) -> 42000000 | CC98: F.10.2.2 | CG98: MINIMUM TRACTIVE BATTERY WALLS
K99: It is generally impractical to perform 3-point testing at elevated temperatures. | AE99: PC+FG | AG99: Makrolon 8035 30% | AI99: 0.96491228 | AJ99: 0.81818182 | AK99: =1/(AI99*AJ99) -> 1.2666667 | AL99: =5.5*10^9*IF($A$25="mm",1,1/6894.76) -> 5500000000 | AM99: =45*10^6*IF($A$25="mm",1,1/6894.76) -> 45000000 | CC99: {=IF(COUNTIF(CK100:CK126,"BLANK"),"BLANK",IF(OR(SUMPRODUCT(--ISERROR(CK100:CK126))>0,COUNTIF(CK100:CK126,"REJECT")),"REJECT",IF(COUNTIF(CK100:CK126,"CHECK"),"CHECK","EQ")))} -> BLANK
K100: Testing the sample at 60 deg C is NOT required | AE100: PEI | AG100: Ultem 9085 | AI100: 0.95833333 | AJ100: 1 | AK100: =1/(AI100*AJ100) -> 1.0434783 | AL100: =2.3*10^9*IF($A$25="mm",1,1/6894.76) -> 2300000000 | AM100: =39*10^6*IF($A$25="mm",1,1/6894.76) -> 39000000 | CC100: F.10.4.3 | CH100: All module wall sections >= 75% area: | CK100: =IF(CI100="","BLANK",IF(AND(ISNUMBER(CI100),CI100>=0.75,CI100<=1),"EQ","REJECT")) -> BLANK
K101: Perform tensile tests of skin coupons at room temperature. | AE101: PEKK | AG101: Antero 800na | AI101: 1 | AJ101: 1 | AK101: =1/(AI101*AJ101) -> 1 | AL101: =2.8*10^9*IF($A$25="mm",1,1/6894.76) -> 2800000000 | AM101: =60*10^6*IF($A$25="mm",1,1/6894.76) -> 60000000 | CC101: F.10.2.2 | CD101: Minimum Wall Construction: | CK101: =IF(CH101="","BLANK","EQ") -> BLANK
K102: Perform tensile tests of skin coupons heated >=60 deg C for the duration of the test | AE102: PEKK | AG102: Antero 840cn03 | AI102: 1 | AJ102: 1 | AK102: =1/(AI102*AJ102) -> 1 | AL102: =2.9*10^9*IF($A$25="mm",1,1/6894.76) -> 2900000000 | AM102: =50*10^6*IF($A$25="mm",1,1/6894.76) -> 50000000 | CH102: Steel: 0.90mm (0.035in), Aluminum: 2.3mm (0.090in): | CJ102: =IF($A$25="mm","mm","in") -> mm | CK102: =IF(CH101="Composite","N/A",IF(CI102="","BLANK", IF(CH71="Isotropic","EQ", IF(AND(CH101="Steel",OR(AND($A$25="mm",CI102>=0.9),AND($A$25="Inch",CI102>=0.035))),"EQ", IF(AND(CH101="Aluminum",OR(AND($A$25="mm",CI102>=2.3),AND($A$25="Inch",CI102>=0.09))),"EQ","REJECT"))))) -> BLANK
K103: This establishes a reduction in equivalence to the three point test. | AE103: ='F.10.3.5 Module Test'!W43 -> Plastic Type 1 | AG103: ='F.10.3.5 Module Test'!W44 -> Team Material 1 | AI103: ='F.10.3.5 Module Test'!Y75 -> 1 | AJ103: ='F.10.3.5 Module Test'!Y76 -> 1 | AK103: =1/(AI103*AJ103) -> 1 | AL103: ='F.10.3.5 Module Test'!Y69*IF($A$25="mm",1,1/6894.76) -> 0 | AM103: ='F.10.3.5 Module Test'!Y72*IF($A$25="mm",1,1/6894.76) -> 0 | CH103: Material Used: | CK103: =IF(CI103="","BLANK",IF(AND($CS$67="Welded",ISNUMBER(SEARCH("Unwelded",CI103))),"REJECT","EQ")) -> BLANK
K104: Shear tests are likely small enough to complete with the sample >=60 deg C. | AE104: ='F.10.3.5 Module Test'!AN43 -> Plastic Type 2 | AG104: ='F.10.3.5 Module Test'!AN44 -> Team Material 2 | AI104: ='F.10.3.5 Module Test'!AP75 -> 1 | AJ104: ='F.10.3.5 Module Test'!AP76 -> 1 | AK104: =1/(AI104*AJ104) -> 1 | AL104: ='F.10.3.5 Module Test'!AP69*IF($A$25="mm",1,1/6894.76) -> 0 | AM104: ='F.10.3.5 Module Test'!AP72*IF($A$25="mm",1,1/6894.76) -> 0 | CH104: Panel thickness: | CI104: =IF(NOT(CH101="Composite"),CI102,CI105+CI107+CI106) -> 0 | CJ104: =IF($A$25="mm","mm","in") -> mm | CK104: =IF(NOT(OR(CH101="Isotropic",CH101="Composite")),"N/A","EQ") -> N/A
K105: Lap and T-peel tests are also performed with the samples heated >= 60 deg C. | AE105: ='F.10.3.5 Module Test'!BE43 -> Plastic Type 3 | AG105: ='F.10.3.5 Module Test'!BE44 -> Team Material 3 | AI105: ='F.10.3.5 Module Test'!$BG$75 -> 1 | AJ105: ='F.10.3.5 Module Test'!$BG$76 -> 1 | AK105: =1/(AI105*AJ105) -> 1 | AL105: ='F.10.3.5 Module Test'!$BG$69 -> 0 | AM105: ='F.10.3.5 Module Test'!$BG$72 -> 0 | CC105: F.4.2.2.d | CE105: 50% < Core < 100%: | CF105: {=IF(ISREF(INDIRECT("'"&CI103&"'!$AE$82")), IF(INDIRECT("'"&CI103&"'!$AE$82")=0,(1+CI105)/(1+INDIRECT("'"&CI103&"'!$AE$82")), IF(CI105/IF($A$25="mm",INDIRECT("'"&CI103&"'!$AE$82"),INDIRECT("'"&CI103&"'!$AE$83"))<0.5, (CI105+IF($A$25="mm",0.127,0.005))/IF($A$25="mm",INDIRECT("'"&CI103&"'!$AE$82"),INDIRECT("'"&CI103&"'!$AE$83")), CI105/IF($A$25="mm",INDIRECT("'"&CI103&"'!$AE$82"),INDIRECT("'"&CI103&"'!$AE$83")))),"Typo")} -> Typo | CH105: Core thickness: | CJ105: =IF($A$25="mm","mm","in") -> mm | CK105: =IF(NOT(CH101="Composite"),"N/A",IF(CI105="","BLANK",IF(OR(CF105<0.5,CF105>1),"REJECT","EQ"))) -> N/A
...

Sheet F.10.3.5 Module Test
L1: Paste in logged data from test below: | AC1: Paste in logged data from test below: | AT1: Paste in logged data from test below: | BK1: Paste in logged data from test below:
L2: Use mm and N, paste values only. | AC2: Use mm and N, paste values only. | AT2: Use mm and N, paste values only. | BK2: Use mm and N, paste values only.
L3: It is acceptable to resample the data at a lower | AC3: It is acceptable to resample the data at a lower | AT3: It is acceptable to resample the data at a lower | BK3: It is acceptable to resample the data at a lower
L4: frequency to reduce the number of datapoints. | AC4: frequency to reduce the number of datapoints. | AT4: frequency to reduce the number of datapoints. | BK4: frequency to reduce the number of datapoints.
L5: Repeat the energy calculation in column three. | AC5: Repeat the energy calculation in column three. | AT5: Repeat the energy calculation in column three. | BK5: Repeat the energy calculation in column three.
L6: The graph should automatically generate. | AC6: The graph should automatically generate. | AT6: The graph should automatically generate. | BK6: The graph should automatically generate.
B8: Required: Test setup images, measurements. | L8: X Direction | N8: Y Direction | P8: Z Direction | S8: Required: Test setup images, measurements. | AC8: ROOM TEMP | AF8: 60C | AJ8: Required: Test setup images, measurements. | AT8: ROOM TEMP | AW8: 60C | BA8: Required: Test setup images, measurements. | BK8: ROOM TEMP | BN8: 60C
L9: MAX | M9: {=INDEX(L$14:L$1048576,MATCH(TRUE,M$14:M$1048576=M10,0))} -> 0 | N9: MAX | O9: {=INDEX(N$14:N$1048576,MATCH(TRUE,O$14:O$1048576=O10,0))} -> 0 | P9: MAX | Q9: {=INDEX(P$14:P$1048576,MATCH(TRUE,Q$14:Q$1048576=Q10,0))} -> 0 | AC9: MAX | AD9: {=INDEX(AC$14:AC$1048576,MATCH(TRUE,AD$14:AD$1048576=AD10,0))} -> 0 | AE9: LINEAR | AF9: MAX | AG9: {=INDEX(AF$14:AF$1048576,MATCH(TRUE,AG$14:AG$1048576=AG10,0))} -> 0 | AH9: LINEAR | AT9: MAX | AU9: {=INDEX(AT$14:AT$1048576,MATCH(TRUE,AU$14:AU$1048576=AU10,0))} -> 0 | AV9: LINEAR | AW9: MAX | AX9: {=INDEX(AW$14:AW$1048576,MATCH(TRUE,AX$14:AX$1048576=AX10,0))} -> 0 | AY9: LINEAR | BK9: MAX | BL9: {=INDEX(BK$14:BK$1048576,MATCH(TRUE,BL$14:BL$1048576=BL10,0))} -> 0 | BM9: LINEAR | BN9: MAX | BO9: {=INDEX(BN$14:BN$1048576,MATCH(TRUE,BO$14:BO$1048576=BO10,0))} -> 0 | BP9: LINEAR
B10: All test samples must be presented at Technical Inspection. | L10: =MAX(L14:L1048576) -> 0 | M10: =MAX(M14:M1048576) -> 0 | N10: =MAX(N14:N1048576) -> 0 | O10: =MAX(O14:O1048576) -> 0 | P10: =MAX(P14:P1048576) -> 0 | Q10: =MAX(Q14:Q1048576) -> 0 | S10: All test samples must be presented at Technical Inspection. | AC10: =MAX(AC14:AC1048576) -> 0 | AD10: =MAX(AD14:AD1048576) -> 0 | AE10: =(Y53-Y52)/(U53-U52) -> #DIV/0! | AF10: =MAX(AF14:AF1048576) -> 0 | AG10: =MAX(AG14:AG1048576) -> 0 | AH10: =(Y66-Y65)/(U66-U65) -> #DIV/0! | AJ10: All test samples must be presented at Technical Inspection. | AT10: =MAX(AT14:AT1048576) -> 0 | AU10: =MAX(AU14:AU1048576) -> 0 | AV10: =(AP53-AP52)/(AL53-AL52) -> #DIV/0! | AW10: =MAX(AW14:AW1048576) -> 0 | AX10: =MAX(AX14:AX1048576) -> 0 | AY10: =(AP66-AP65)/(AL66-AL65) -> #DIV/0! | BA10: All test samples must be presented at Technical Inspection. | BK10: =MAX(BK14:BK1048576) -> 0 | BL10: =MAX(BL14:BL1048576) -> 0 | BM10: =(BG53-BG52)/(BC53-BC52) -> #DIV/0! | BN10: =MAX(BN14:BN1048576) -> 0 | BO10: =MAX(BO14:BO1048576) -> 0 | BP10: =(BG66-BG65)/(BC66-BC65) -> #DIV/0!
L11: mm | M11: N | N11: mm | O11: N | P11: mm | Q11: N | AC11: mm | AD11: N | AE11: =Y53-AE10*U53 -> #DIV/0! | AF11: mm | AG11: N | AH11: =Y66-AH10*U66 -> #DIV/0! | AT11: mm | AU11: N | AV11: =AP53-AV10*AL53 -> #DIV/0! | AW11: mm | AX11: N | AY11: =AP66-AY10*AL66 -> #DIV/0! | BK11: mm | BL11: N | BM11: =BG53-BM10*BC53 -> #DIV/0! | BN11: mm | BO11: N | BP11: =BG66-BP10*BC66 -> #DIV/0!
L12: Disp. (d) | M12: Force (P) | N12: Disp. (d) | O12: Force (P) | P12: Disp. (d) | Q12: Force (P) | AC12: Disp. (d) | AD12: Force (P) | AE12: Modulus | AF12: Disp. (d) | AG12: Force (P) | AH12: Modulus | AT12: Disp. (d) | AU12: Force (P) | AV12: Modulus | AW12: Disp. (d) | AX12: Force (P) | AY12: Modulus | BK12: Disp. (d) | BL12: Force (P) | BM12: Modulus | BN12: Disp. (d) | BO12: Force (P) | BP12: Modulus
L13: 0 | M13: 0 | N13: 0 | O13: 0 | P13: 0 | Q13: 0 | AC13: 0 | AD13: 0 | AE13: 0 | AF13: 0 | AG13: 0 | AH13: 0 | AT13: 0 | AU13: 0 | AV13: 0 | AW13: 0 | AX13: 0 | AY13: 0 | BK13: 0 | BL13: 0 | BM13: 0 | BN13: 0 | BO13: 0 | BP13: 0
B14: Additional images may be added below. | L14: 0 | M14: 0 | N14: 0 | O14: 0 | P14: 0 | Q14: 0 | S14: Additional images may be added below. | AC14: 0 | AD14: 0 | AE14: =IF(AE$10*AC14+AE$11<(ROUNDUP(AD$10/100,0)*100+999),MAX(0,AE$10*AC14+AE$11),NA()) -> #DIV/0! | AF14: 0 | AG14: 0 | AH14: =IF(AH$10*AF14+AH$11<(ROUNDUP(AG$10/100,0)*100+999),MAX(0,AH$10*AF14+AH$11),NA()) -> #DIV/0! | AJ14: Additional images may be added below. | AT14: 0 | AU14: 0 | AV14: =IF(AV$10*AT14+AV$11<(ROUNDUP(AU$10/100,0)*100+999),MAX(0,AV$10*AT14+AV$11),NA()) -> #DIV/0! | AW14: 0 | AX14: 0 | AY14: =IF(AY$10*AW14+AY$11<(ROUNDUP(AX$10/100,0)*100+999),MAX(0,AY$10*AW14+AY$11),NA()) -> #DIV/0! | BA14: Additional images may be added below. | BK14: 0 | BL14: 0 | BM14: =IF(BM$10*BK14+BM$11<(ROUNDUP(BL$10/100,0)*100+999),MAX(0,BM$10*BK14+BM$11),NA()) -> #DIV/0! | BN14: 0 | BO14: 0 | BP14: =IF(BP$10*BN14+BP$11<(ROUNDUP(BO$10/100,0)*100+999),MAX(0,BP$10*BN14+BP$11),NA()) -> #DIV/0!
AE15: =IF(AE$10*AC15+AE$11<(ROUNDUP(AD$10/100,0)*100+999),MAX(0,AE$10*AC15+AE$11),NA()) -> #DIV/0! | AH15: =IF(AH$10*AF15+AH$11<(ROUNDUP(AG$10/100,0)*100+999),MAX(0,AH$10*AF15+AH$11),NA()) -> #DIV/0! | AV15: =IF(AV$10*AT15+AV$11<(ROUNDUP(AU$10/100,0)*100+999),MAX(0,AV$10*AT15+AV$11),NA()) -> #DIV/0! | AY15: =IF(AY$10*AW15+AY$11<(ROUNDUP(AX$10/100,0)*100+999),MAX(0,AY$10*AW15+AY$11),NA()) -> #DIV/0! | BM15: =IF(BM$10*BK15+BM$11<(ROUNDUP(BL$10/100,0)*100+999),MAX(0,BM$10*BK15+BM$11),NA()) -> #DIV/0! | BP15: =IF(BP$10*BN15+BP$11<(ROUNDUP(BO$10/100,0)*100+999),MAX(0,BP$10*BN15+BP$11),NA()) -> #DIV/0!
AE16: =IF(AE$10*AC16+AE$11<(ROUNDUP(AD$10/100,0)*100+999),MAX(0,AE$10*AC16+AE$11),NA()) -> #DIV/0! | AH16: =IF(AH$10*AF16+AH$11<(ROUNDUP(AG$10/100,0)*100+999),MAX(0,AH$10*AF16+AH$11),NA()) -> #DIV/0! | AV16: =IF(AV$10*AT16+AV$11<(ROUNDUP(AU$10/100,0)*100+999),MAX(0,AV$10*AT16+AV$11),NA()) -> #DIV/0! | AY16: =IF(AY$10*AW16+AY$11<(ROUNDUP(AX$10/100,0)*100+999),MAX(0,AY$10*AW16+AY$11),NA()) -> #DIV/0! | BM16: =IF(BM$10*BK16+BM$11<(ROUNDUP(BL$10/100,0)*100+999),MAX(0,BM$10*BK16+BM$11),NA()) -> #DIV/0! | BP16: =IF(BP$10*BN16+BP$11<(ROUNDUP(BO$10/100,0)*100+999),MAX(0,BP$10*BN16+BP$11),NA()) -> #DIV/0!
AE17: =IF(AE$10*AC17+AE$11<(ROUNDUP(AD$10/100,0)*100+999),MAX(0,AE$10*AC17+AE$11),NA()) -> #DIV/0! | AH17: =IF(AH$10*AF17+AH$11<(ROUNDUP(AG$10/100,0)*100+999),MAX(0,AH$10*AF17+AH$11),NA()) -> #DIV/0! | AV17: =IF(AV$10*AT17+AV$11<(ROUNDUP(AU$10/100,0)*100+999),MAX(0,AV$10*AT17+AV$11),NA()) -> #DIV/0! | AY17: =IF(AY$10*AW17+AY$11<(ROUNDUP(AX$10/100,0)*100+999),MAX(0,AY$10*AW17+AY$11),NA()) -> #DIV/0! | BM17: =IF(BM$10*BK17+BM$11<(ROUNDUP(BL$10/100,0)*100+999),MAX(0,BM$10*BK17+BM$11),NA()) -> #DIV/0! | BP17: =IF(BP$10*BN17+BP$11<(ROUNDUP(BO$10/100,0)*100+999),MAX(0,BP$10*BN17+BP$11),NA()) -> #DIV/0!
AE18: =IF(AE$10*AC18+AE$11<(ROUNDUP(AD$10/100,0)*100+999),MAX(0,AE$10*AC18+AE$11),NA()) -> #DIV/0! | AH18: =IF(AH$10*AF18+AH$11<(ROUNDUP(AG$10/100,0)*100+999),MAX(0,AH$10*AF18+AH$11),NA()) -> #DIV/0! | AV18: =IF(AV$10*AT18+AV$11<(ROUNDUP(AU$10/100,0)*100+999),MAX(0,AV$10*AT18+AV$11),NA()) -> #DIV/0! | AY18: =IF(AY$10*AW18+AY$11<(ROUNDUP(AX$10/100,0)*100+999),MAX(0,AY$10*AW18+AY$11),NA()) -> #DIV/0! | BM18: =IF(BM$10*BK18+BM$11<(ROUNDUP(BL$10/100,0)*100+999),MAX(0,BM$10*BK18+BM$11),NA()) -> #DIV/0! | BP18: =IF(BP$10*BN18+BP$11<(ROUNDUP(BO$10/100,0)*100+999),MAX(0,BP$10*BN18+BP$11),NA()) -> #DIV/0!
AE19: =IF(AE$10*AC19+AE$11<(ROUNDUP(AD$10/100,0)*100+999),MAX(0,AE$10*AC19+AE$11),NA()) -> #DIV/0! | AH19: =IF(AH$10*AF19+AH$11<(ROUNDUP(AG$10/100,0)*100+999),MAX(0,AH$10*AF19+AH$11),NA()) -> #DIV/0! | AV19: =IF(AV$10*AT19+AV$11<(ROUNDUP(AU$10/100,0)*100+999),MAX(0,AV$10*AT19+AV$11),NA()) -> #DIV/0! | AY19: =IF(AY$10*AW19+AY$11<(ROUNDUP(AX$10/100,0)*100+999),MAX(0,AY$10*AW19+AY$11),NA()) -> #DIV/0! | BM19: =IF(BM$10*BK19+BM$11<(ROUNDUP(BL$10/100,0)*100+999),MAX(0,BM$10*BK19+BM$11),NA()) -> #DIV/0! | BP19: =IF(BP$10*BN19+BP$11<(ROUNDUP(BO$10/100,0)*100+999),MAX(0,BP$10*BN19+BP$11),NA()) -> #DIV/0!
AE20: =IF(AE$10*AC20+AE$11<(ROUNDUP(AD$10/100,0)*100+999),MAX(0,AE$10*AC20+AE$11),NA()) -> #DIV/0! | AH20: =IF(AH$10*AF20+AH$11<(ROUNDUP(AG$10/100,0)*100+999),MAX(0,AH$10*AF20+AH$11),NA()) -> #DIV/0! | AV20: =IF(AV$10*AT20+AV$11<(ROUNDUP(AU$10/100,0)*100+999),MAX(0,AV$10*AT20+AV$11),NA()) -> #DIV/0! | AY20: =IF(AY$10*AW20+AY$11<(ROUNDUP(AX$10/100,0)*100+999),MAX(0,AY$10*AW20+AY$11),NA()) -> #DIV/0! | BM20: =IF(BM$10*BK20+BM$11<(ROUNDUP(BL$10/100,0)*100+999),MAX(0,BM$10*BK20+BM$11),NA()) -> #DIV/0! | BP20: =IF(BP$10*BN20+BP$11<(ROUNDUP(BO$10/100,0)*100+999),MAX(0,BP$10*BN20+BP$11),NA()) -> #DIV/0!
AE21: =IF(AE$10*AC21+AE$11<(ROUNDUP(AD$10/100,0)*100+999),MAX(0,AE$10*AC21+AE$11),NA()) -> #DIV/0! | AH21: =IF(AH$10*AF21+AH$11<(ROUNDUP(AG$10/100,0)*100+999),MAX(0,AH$10*AF21+AH$11),NA()) -> #DIV/0! | AV21: =IF(AV$10*AT21+AV$11<(ROUNDUP(AU$10/100,0)*100+999),MAX(0,AV$10*AT21+AV$11),NA()) -> #DIV/0! | AY21: =IF(AY$10*AW21+AY$11<(ROUNDUP(AX$10/100,0)*100+999),MAX(0,AY$10*AW21+AY$11),NA()) -> #DIV/0! | BM21: =IF(BM$10*BK21+BM$11<(ROUNDUP(BL$10/100,0)*100+999),MAX(0,BM$10*BK21+BM$11),NA()) -> #DIV/0! | BP21: =IF(BP$10*BN21+BP$11<(ROUNDUP(BO$10/100,0)*100+999),MAX(0,BP$10*BN21+BP$11),NA()) -> #DIV/0!
AE22: =IF(AE$10*AC22+AE$11<(ROUNDUP(AD$10/100,0)*100+999),MAX(0,AE$10*AC22+AE$11),NA()) -> #DIV/0! | AH22: =IF(AH$10*AF22+AH$11<(ROUNDUP(AG$10/100,0)*100+999),MAX(0,AH$10*AF22+AH$11),NA()) -> #DIV/0! | AV22: =IF(AV$10*AT22+AV$11<(ROUNDUP(AU$10/100,0)*100+999),MAX(0,AV$10*AT22+AV$11),NA()) -> #DIV/0! | AY22: =IF(AY$10*AW22+AY$11<(ROUNDUP(AX$10/100,0)*100+999),MAX(0,AY$10*AW22+AY$11),NA()) -> #DIV/0! | BM22: =IF(BM$10*BK22+BM$11<(ROUNDUP(BL$10/100,0)*100+999),MAX(0,BM$10*BK22+BM$11),NA()) -> #DIV/0! | BP22: =IF(BP$10*BN22+BP$11<(ROUNDUP(BO$10/100,0)*100+999),MAX(0,BP$10*BN22+BP$11),NA()) -> #DIV/0!
AE23: =IF(AE$10*AC23+AE$11<(ROUNDUP(AD$10/100,0)*100+999),MAX(0,AE$10*AC23+AE$11),NA()) -> #DIV/0! | AH23: =IF(AH$10*AF23+AH$11<(ROUNDUP(AG$10/100,0)*100+999),MAX(0,AH$10*AF23+AH$11),NA()) -> #DIV/0! | AV23: =IF(AV$10*AT23+AV$11<(ROUNDUP(AU$10/100,0)*100+999),MAX(0,AV$10*AT23+AV$11),NA()) -> #DIV/0! | AY23: =IF(AY$10*AW23+AY$11<(ROUNDUP(AX$10/100,0)*100+999),MAX(0,AY$10*AW23+AY$11),NA()) -> #DIV/0! | BM23: =IF(BM$10*BK23+BM$11<(ROUNDUP(BL$10/100,0)*100+999),MAX(0,BM$10*BK23+BM$11),NA()) -> #DIV/0! | BP23: =IF(BP$10*BN23+BP$11<(ROUNDUP(BO$10/100,0)*100+999),MAX(0,BP$10*BN23+BP$11),NA()) -> #DIV/0!
AE24: =IF(AE$10*AC24+AE$11<(ROUNDUP(AD$10/100,0)*100+999),MAX(0,AE$10*AC24+AE$11),NA()) -> #DIV/0! | AH24: =IF(AH$10*AF24+AH$11<(ROUNDUP(AG$10/100,0)*100+999),MAX(0,AH$10*AF24+AH$11),NA()) -> #DIV/0! | AV24: =IF(AV$10*AT24+AV$11<(ROUNDUP(AU$10/100,0)*100+999),MAX(0,AV$10*AT24+AV$11),NA()) -> #DIV/0! | AY24: =IF(AY$10*AW24+AY$11<(ROUNDUP(AX$10/100,0)*100+999),MAX(0,AY$10*AW24+AY$11),NA()) -> #DIV/0! | BM24: =IF(BM$10*BK24+BM$11<(ROUNDUP(BL$10/100,0)*100+999),MAX(0,BM$10*BK24+BM$11),NA()) -> #DIV/0! | BP24: =IF(BP$10*BN24+BP$11<(ROUNDUP(BO$10/100,0)*100+999),MAX(0,BP$10*BN24+BP$11),NA()) -> #DIV/0!
AE25: =IF(AE$10*AC25+AE$11<(ROUNDUP(AD$10/100,0)*100+999),MAX(0,AE$10*AC25+AE$11),NA()) -> #DIV/0! | AH25: =IF(AH$10*AF25+AH$11<(ROUNDUP(AG$10/100,0)*100+999),MAX(0,AH$10*AF25+AH$11),NA()) -> #DIV/0! | AV25: =IF(AV$10*AT25+AV$11<(ROUNDUP(AU$10/100,0)*100+999),MAX(0,AV$10*AT25+AV$11),NA()) -> #DIV/0! | AY25: =IF(AY$10*AW25+AY$11<(ROUNDUP(AX$10/100,0)*100+999),MAX(0,AY$10*AW25+AY$11),NA()) -> #DIV/0! | BM25: =IF(BM$10*BK25+BM$11<(ROUNDUP(BL$10/100,0)*100+999),MAX(0,BM$10*BK25+BM$11),NA()) -> #DIV/0! | BP25: =IF(BP$10*BN25+BP$11<(ROUNDUP(BO$10/100,0)*100+999),MAX(0,BP$10*BN25+BP$11),NA()) -> #DIV/0!
AE26: =IF(AE$10*AC26+AE$11<(ROUNDUP(AD$10/100,0)*100+999),MAX(0,AE$10*AC26+AE$11),NA()) -> #DIV/0! | AH26: =IF(AH$10*AF26+AH$11<(ROUNDUP(AG$10/100,0)*100+999),MAX(0,AH$10*AF26+AH$11),NA()) -> #DIV/0! | AV26: =IF(AV$10*AT26+AV$11<(ROUNDUP(AU$10/100,0)*100+999),MAX(0,AV$10*AT26+AV$11),NA()) -> #DIV/0! | AY26: =IF(AY$10*AW26+AY$11<(ROUNDUP(AX$10/100,0)*100+999),MAX(0,AY$10*AW26+AY$11),NA()) -> #DIV/0! | BM26: =IF(BM$10*BK26+BM$11<(ROUNDUP(BL$10/100,0)*100+999),MAX(0,BM$10*BK26+BM$11),NA()) -> #DIV/0! | BP26: =IF(BP$10*BN26+BP$11<(ROUNDUP(BO$10/100,0)*100+999),MAX(0,BP$10*BN26+BP$11),NA()) -> #DIV/0!
AE27: =IF(AE$10*AC27+AE$11<(ROUNDUP(AD$10/100,0)*100+999),MAX(0,AE$10*AC27+AE$11),NA()) -> #DIV/0! | AH27: =IF(AH$10*AF27+AH$11<(ROUNDUP(AG$10/100,0)*100+999),MAX(0,AH$10*AF27+AH$11),NA()) -> #DIV/0! | AV27: =IF(AV$10*AT27+AV$11<(ROUNDUP(AU$10/100,0)*100+999),MAX(0,AV$10*AT27+AV$11),NA()) -> #DIV/0! | AY27: =IF(AY$10*AW27+AY$11<(ROUNDUP(AX$10/100,0)*100+999),MAX(0,AY$10*AW27+AY$11),NA()) -> #DIV/0! | BM27: =IF(BM$10*BK27+BM$11<(ROUNDUP(BL$10/100,0)*100+999),MAX(0,BM$10*BK27+BM$11),NA()) -> #DIV/0! | BP27: =IF(BP$10*BN27+BP$11<(ROUNDUP(BO$10/100,0)*100+999),MAX(0,BP$10*BN27+BP$11),NA()) -> #DIV/0!
B28: Required: Load deflection curve. | S28: Required: Load deflection curve. | AE28: =IF(AE$10*AC28+AE$11<(ROUNDUP(AD$10/100,0)*100+999),MAX(0,AE$10*AC28+AE$11),NA()) -> #DIV/0! | AH28: =IF(AH$10*AF28+AH$11<(ROUNDUP(AG$10/100,0)*100+999),MAX(0,AH$10*AF28+AH$11),NA()) -> #DIV/0! | AJ28: Required: Load deflection curve. | AV28: =IF(AV$10*AT28+AV$11<(ROUNDUP(AU$10/100,0)*100+999),MAX(0,AV$10*AT28+AV$11),NA()) -> #DIV/0! | AY28: =IF(AY$10*AW28+AY$11<(ROUNDUP(AX$10/100,0)*100+999),MAX(0,AY$10*AW28+AY$11),NA()) -> #DIV/0! | BA28: Required: Load deflection curve. | BM28: =IF(BM$10*BK28+BM$11<(ROUNDUP(BL$10/100,0)*100+999),MAX(0,BM$10*BK28+BM$11),NA()) -> #DIV/0! | BP28: =IF(BP$10*BN28+BP$11<(ROUNDUP(BO$10/100,0)*100+999),MAX(0,BP$10*BN28+BP$11),NA()) -> #DIV/0!
AE29: =IF(AE$10*AC29+AE$11<(ROUNDUP(AD$10/100,0)*100+999),MAX(0,AE$10*AC29+AE$11),NA()) -> #DIV/0! | AH29: =IF(AH$10*AF29+AH$11<(ROUNDUP(AG$10/100,0)*100+999),MAX(0,AH$10*AF29+AH$11),NA()) -> #DIV/0! | AV29: =IF(AV$10*AT29+AV$11<(ROUNDUP(AU$10/100,0)*100+999),MAX(0,AV$10*AT29+AV$11),NA()) -> #DIV/0! | AY29: =IF(AY$10*AW29+AY$11<(ROUNDUP(AX$10/100,0)*100+999),MAX(0,AY$10*AW29+AY$11),NA()) -> #DIV/0! | BM29: =IF(BM$10*BK29+BM$11<(ROUNDUP(BL$10/100,0)*100+999),MAX(0,BM$10*BK29+BM$11),NA()) -> #DIV/0! | BP29: =IF(BP$10*BN29+BP$11<(ROUNDUP(BO$10/100,0)*100+999),MAX(0,BP$10*BN29+BP$11),NA()) -> #DIV/0!
AE30: =IF(AE$10*AC30+AE$11<(ROUNDUP(AD$10/100,0)*100+999),MAX(0,AE$10*AC30+AE$11),NA()) -> #DIV/0! | AH30: =IF(AH$10*AF30+AH$11<(ROUNDUP(AG$10/100,0)*100+999),MAX(0,AH$10*AF30+AH$11),NA()) -> #DIV/0! | AV30: =IF(AV$10*AT30+AV$11<(ROUNDUP(AU$10/100,0)*100+999),MAX(0,AV$10*AT30+AV$11),NA()) -> #DIV/0! | AY30: =IF(AY$10*AW30+AY$11<(ROUNDUP(AX$10/100,0)*100+999),MAX(0,AY$10*AW30+AY$11),NA()) -> #DIV/0! | BM30: =IF(BM$10*BK30+BM$11<(ROUNDUP(BL$10/100,0)*100+999),MAX(0,BM$10*BK30+BM$11),NA()) -> #DIV/0! | BP30: =IF(BP$10*BN30+BP$11<(ROUNDUP(BO$10/100,0)*100+999),MAX(0,BP$10*BN30+BP$11),NA()) -> #DIV/0!
AE31: =IF(AE$10*AC31+AE$11<(ROUNDUP(AD$10/100,0)*100+999),MAX(0,AE$10*AC31+AE$11),NA()) -> #DIV/0! | AH31: =IF(AH$10*AF31+AH$11<(ROUNDUP(AG$10/100,0)*100+999),MAX(0,AH$10*AF31+AH$11),NA()) -> #DIV/0! | AV31: =IF(AV$10*AT31+AV$11<(ROUNDUP(AU$10/100,0)*100+999),MAX(0,AV$10*AT31+AV$11),NA()) -> #DIV/0! | AY31: =IF(AY$10*AW31+AY$11<(ROUNDUP(AX$10/100,0)*100+999),MAX(0,AY$10*AW31+AY$11),NA()) -> #DIV/0! | BM31: =IF(BM$10*BK31+BM$11<(ROUNDUP(BL$10/100,0)*100+999),MAX(0,BM$10*BK31+BM$11),NA()) -> #DIV/0! | BP31: =IF(BP$10*BN31+BP$11<(ROUNDUP(BO$10/100,0)*100+999),MAX(0,BP$10*BN31+BP$11),NA()) -> #DIV/0!
AE32: =IF(AE$10*AC32+AE$11<(ROUNDUP(AD$10/100,0)*100+999),MAX(0,AE$10*AC32+AE$11),NA()) -> #DIV/0! | AH32: =IF(AH$10*AF32+AH$11<(ROUNDUP(AG$10/100,0)*100+999),MAX(0,AH$10*AF32+AH$11),NA()) -> #DIV/0! | AV32: =IF(AV$10*AT32+AV$11<(ROUNDUP(AU$10/100,0)*100+999),MAX(0,AV$10*AT32+AV$11),NA()) -> #DIV/0! | AY32: =IF(AY$10*AW32+AY$11<(ROUNDUP(AX$10/100,0)*100+999),MAX(0,AY$10*AW32+AY$11),NA()) -> #DIV/0! | BM32: =IF(BM$10*BK32+BM$11<(ROUNDUP(BL$10/100,0)*100+999),MAX(0,BM$10*BK32+BM$11),NA()) -> #DIV/0! | BP32: =IF(BP$10*BN32+BP$11<(ROUNDUP(BO$10/100,0)*100+999),MAX(0,BP$10*BN32+BP$11),NA()) -> #DIV/0!
AE33: =IF(AE$10*AC33+AE$11<(ROUNDUP(AD$10/100,0)*100+999),MAX(0,AE$10*AC33+AE$11),NA()) -> #DIV/0! | AH33: =IF(AH$10*AF33+AH$11<(ROUNDUP(AG$10/100,0)*100+999),MAX(0,AH$10*AF33+AH$11),NA()) -> #DIV/0! | AV33: =IF(AV$10*AT33+AV$11<(ROUNDUP(AU$10/100,0)*100+999),MAX(0,AV$10*AT33+AV$11),NA()) -> #DIV/0! | AY33: =IF(AY$10*AW33+AY$11<(ROUNDUP(AX$10/100,0)*100+999),MAX(0,AY$10*AW33+AY$11),NA()) -> #DIV/0! | BM33: =IF(BM$10*BK33+BM$11<(ROUNDUP(BL$10/100,0)*100+999),MAX(0,BM$10*BK33+BM$11),NA()) -> #DIV/0! | BP33: =IF(BP$10*BN33+BP$11<(ROUNDUP(BO$10/100,0)*100+999),MAX(0,BP$10*BN33+BP$11),NA()) -> #DIV/0!
AE34: =IF(AE$10*AC34+AE$11<(ROUNDUP(AD$10/100,0)*100+999),MAX(0,AE$10*AC34+AE$11),NA()) -> #DIV/0! | AH34: =IF(AH$10*AF34+AH$11<(ROUNDUP(AG$10/100,0)*100+999),MAX(0,AH$10*AF34+AH$11),NA()) -> #DIV/0! | AV34: =IF(AV$10*AT34+AV$11<(ROUNDUP(AU$10/100,0)*100+999),MAX(0,AV$10*AT34+AV$11),NA()) -> #DIV/0! | AY34: =IF(AY$10*AW34+AY$11<(ROUNDUP(AX$10/100,0)*100+999),MAX(0,AY$10*AW34+AY$11),NA()) -> #DIV/0! | BM34: =IF(BM$10*BK34+BM$11<(ROUNDUP(BL$10/100,0)*100+999),MAX(0,BM$10*BK34+BM$11),NA()) -> #DIV/0! | BP34: =IF(BP$10*BN34+BP$11<(ROUNDUP(BO$10/100,0)*100+999),MAX(0,BP$10*BN34+BP$11),NA()) -> #DIV/0!
AE35: =IF(AE$10*AC35+AE$11<(ROUNDUP(AD$10/100,0)*100+999),MAX(0,AE$10*AC35+AE$11),NA()) -> #DIV/0! | AH35: =IF(AH$10*AF35+AH$11<(ROUNDUP(AG$10/100,0)*100+999),MAX(0,AH$10*AF35+AH$11),NA()) -> #DIV/0! | AV35: =IF(AV$10*AT35+AV$11<(ROUNDUP(AU$10/100,0)*100+999),MAX(0,AV$10*AT35+AV$11),NA()) -> #DIV/0! | AY35: =IF(AY$10*AW35+AY$11<(ROUNDUP(AX$10/100,0)*100+999),MAX(0,AY$10*AW35+AY$11),NA()) -> #DIV/0! | BM35: =IF(BM$10*BK35+BM$11<(ROUNDUP(BL$10/100,0)*100+999),MAX(0,BM$10*BK35+BM$11),NA()) -> #DIV/0! | BP35: =IF(BP$10*BN35+BP$11<(ROUNDUP(BO$10/100,0)*100+999),MAX(0,BP$10*BN35+BP$11),NA()) -> #DIV/0!
AE36: =IF(AE$10*AC36+AE$11<(ROUNDUP(AD$10/100,0)*100+999),MAX(0,AE$10*AC36+AE$11),NA()) -> #DIV/0! | AH36: =IF(AH$10*AF36+AH$11<(ROUNDUP(AG$10/100,0)*100+999),MAX(0,AH$10*AF36+AH$11),NA()) -> #DIV/0! | AV36: =IF(AV$10*AT36+AV$11<(ROUNDUP(AU$10/100,0)*100+999),MAX(0,AV$10*AT36+AV$11),NA()) -> #DIV/0! | AY36: =IF(AY$10*AW36+AY$11<(ROUNDUP(AX$10/100,0)*100+999),MAX(0,AY$10*AW36+AY$11),NA()) -> #DIV/0! | BM36: =IF(BM$10*BK36+BM$11<(ROUNDUP(BL$10/100,0)*100+999),MAX(0,BM$10*BK36+BM$11),NA()) -> #DIV/0! | BP36: =IF(BP$10*BN36+BP$11<(ROUNDUP(BO$10/100,0)*100+999),MAX(0,BP$10*BN36+BP$11),NA()) -> #DIV/0!
AE37: =IF(AE$10*AC37+AE$11<(ROUNDUP(AD$10/100,0)*100+999),MAX(0,AE$10*AC37+AE$11),NA()) -> #DIV/0! | AH37: =IF(AH$10*AF37+AH$11<(ROUNDUP(AG$10/100,0)*100+999),MAX(0,AH$10*AF37+AH$11),NA()) -> #DIV/0! | AV37: =IF(AV$10*AT37+AV$11<(ROUNDUP(AU$10/100,0)*100+999),MAX(0,AV$10*AT37+AV$11),NA()) -> #DIV/0! | AY37: =IF(AY$10*AW37+AY$11<(ROUNDUP(AX$10/100,0)*100+999),MAX(0,AY$10*AW37+AY$11),NA()) -> #DIV/0! | BM37: =IF(BM$10*BK37+BM$11<(ROUNDUP(BL$10/100,0)*100+999),MAX(0,BM$10*BK37+BM$11),NA()) -> #DIV/0! | BP37: =IF(BP$10*BN37+BP$11<(ROUNDUP(BO$10/100,0)*100+999),MAX(0,BP$10*BN37+BP$11),NA()) -> #DIV/0!
AE38: =IF(AE$10*AC38+AE$11<(ROUNDUP(AD$10/100,0)*100+999),MAX(0,AE$10*AC38+AE$11),NA()) -> #DIV/0! | AH38: =IF(AH$10*AF38+AH$11<(ROUNDUP(AG$10/100,0)*100+999),MAX(0,AH$10*AF38+AH$11),NA()) -> #DIV/0! | AV38: =IF(AV$10*AT38+AV$11<(ROUNDUP(AU$10/100,0)*100+999),MAX(0,AV$10*AT38+AV$11),NA()) -> #DIV/0! | AY38: =IF(AY$10*AW38+AY$11<(ROUNDUP(AX$10/100,0)*100+999),MAX(0,AY$10*AW38+AY$11),NA()) -> #DIV/0! | BM38: =IF(BM$10*BK38+BM$11<(ROUNDUP(BL$10/100,0)*100+999),MAX(0,BM$10*BK38+BM$11),NA()) -> #DIV/0! | BP38: =IF(BP$10*BN38+BP$11<(ROUNDUP(BO$10/100,0)*100+999),MAX(0,BP$10*BN38+BP$11),NA()) -> #DIV/0!
AE39: =IF(AE$10*AC39+AE$11<(ROUNDUP(AD$10/100,0)*100+999),MAX(0,AE$10*AC39+AE$11),NA()) -> #DIV/0! | AH39: =IF(AH$10*AF39+AH$11<(ROUNDUP(AG$10/100,0)*100+999),MAX(0,AH$10*AF39+AH$11),NA()) -> #DIV/0! | AV39: =IF(AV$10*AT39+AV$11<(ROUNDUP(AU$10/100,0)*100+999),MAX(0,AV$10*AT39+AV$11),NA()) -> #DIV/0! | AY39: =IF(AY$10*AW39+AY$11<(ROUNDUP(AX$10/100,0)*100+999),MAX(0,AY$10*AW39+AY$11),NA()) -> #DIV/0! | BM39: =IF(BM$10*BK39+BM$11<(ROUNDUP(BL$10/100,0)*100+999),MAX(0,BM$10*BK39+BM$11),NA()) -> #DIV/0! | BP39: =IF(BP$10*BN39+BP$11<(ROUNDUP(BO$10/100,0)*100+999),MAX(0,BP$10*BN39+BP$11),NA()) -> #DIV/0!
B40: If additional images are necessary, they may be placed below each section. | S40: If additional images are necessary, they may be placed below each section. | AE40: =IF(AE$10*AC40+AE$11<(ROUNDUP(AD$10/100,0)*100+999),MAX(0,AE$10*AC40+AE$11),NA()) -> #DIV/0! | AH40: =IF(AH$10*AF40+AH$11<(ROUNDUP(AG$10/100,0)*100+999),MAX(0,AH$10*AF40+AH$11),NA()) -> #DIV/0! | AJ40: If additional images are necessary, they may be placed below each section. | AV40: =IF(AV$10*AT40+AV$11<(ROUNDUP(AU$10/100,0)*100+999),MAX(0,AV$10*AT40+AV$11),NA()) -> #DIV/0! | AY40: =IF(AY$10*AW40+AY$11<(ROUNDUP(AX$10/100,0)*100+999),MAX(0,AY$10*AW40+AY$11),NA()) -> #DIV/0! | BA40: If additional images are necessary, they may be placed below each section. | BM40: =IF(BM$10*BK40+BM$11<(ROUNDUP(BL$10/100,0)*100+999),MAX(0,BM$10*BK40+BM$11),NA()) -> #DIV/0! | BP40: =IF(BP$10*BN40+BP$11<(ROUNDUP(BO$10/100,0)*100+999),MAX(0,BP$10*BN40+BP$11),NA()) -> #DIV/0!
AE41: =IF(AE$10*AC41+AE$11<(ROUNDUP(AD$10/100,0)*100+999),MAX(0,AE$10*AC41+AE$11),NA()) -> #DIV/0! | AH41: =IF(AH$10*AF41+AH$11<(ROUNDUP(AG$10/100,0)*100+999),MAX(0,AH$10*AF41+AH$11),NA()) -> #DIV/0! | AV41: =IF(AV$10*AT41+AV$11<(ROUNDUP(AU$10/100,0)*100+999),MAX(0,AV$10*AT41+AV$11),NA()) -> #DIV/0! | AY41: =IF(AY$10*AW41+AY$11<(ROUNDUP(AX$10/100,0)*100+999),MAX(0,AY$10*AW41+AY$11),NA()) -> #DIV/0! | BM41: =IF(BM$10*BK41+BM$11<(ROUNDUP(BL$10/100,0)*100+999),MAX(0,BM$10*BK41+BM$11),NA()) -> #DIV/0! | BP41: =IF(BP$10*BN41+BP$11<(ROUNDUP(BO$10/100,0)*100+999),MAX(0,BP$10*BN41+BP$11),NA()) -> #DIV/0!
B42: {=IF(COUNTIF(J43:J45,"BLANK"),"BLANK",IF(OR(SUMPRODUCT(--ISERROR(J43:J45))>0,COUNTIF(J43:J45,"REJECT")),"REJECT",IF(COUNTIF(J43:J45,"CHECK"),"CHECK","EQ")))} -> REJECT | S42: {=IF(COUNTIF(AA43:AA48,"BLANK"),"BLANK",IF(OR(SUMPRODUCT(--ISERROR(AA43:AA48))>0,COUNTIF(AA43:AA48,"REJECT")),"REJECT",IF(COUNTIF(AA43:AA48,"CHECK"),"CHECK","EQ")))} -> BLANK | AE42: =IF(AE$10*AC42+AE$11<(ROUNDUP(AD$10/100,0)*100+999),MAX(0,AE$10*AC42+AE$11),NA()) -> #DIV/0! | AH42: =IF(AH$10*AF42+AH$11<(ROUNDUP(AG$10/100,0)*100+999),MAX(0,AH$10*AF42+AH$11),NA()) -> #DIV/0! | AJ42: {=IF(COUNTIF(AR43:AR48,"BLANK"),"BLANK",IF(OR(SUMPRODUCT(--ISERROR(AR43:AR48))>0,COUNTIF(AR43:AR48,"REJECT")),"REJECT",IF(COUNTIF(AR43:AR48,"CHECK"),"CHECK","EQ")))} -> BLANK | AV42: =IF(AV$10*AT42+AV$11<(ROUNDUP(AU$10/100,0)*100+999),MAX(0,AV$10*AT42+AV$11),NA()) -> #DIV/0! | AY42: =IF(AY$10*AW42+AY$11<(ROUNDUP(AX$10/100,0)*100+999),MAX(0,AY$10*AW42+AY$11),NA()) -> #DIV/0! | BA42: {=IF(COUNTIF(BI43:BI48,"BLANK"),"BLANK",IF(OR(SUMPRODUCT(--ISERROR(BI43:BI48))>0,COUNTIF(BI43:BI48,"REJECT")),"REJECT",IF(COUNTIF(BI43:BI48,"CHECK"),"CHECK","EQ")))} -> BLANK | BM42: =IF(BM$10*BK42+BM$11<(ROUNDUP(BL$10/100,0)*100+999),MAX(0,BM$10*BK42+BM$11),NA()) -> #DIV/0! | BP42: =IF(BP$10*BN42+BP$11<(ROUNDUP(BO$10/100,0)*100+999),MAX(0,BP$10*BN42+BP$11),NA()) -> #DIV/0!
F43: Test load, long accel 40*mass*modules_long*load_scaling: | G43: ='F.10.1-4 Modules And Container'!AU79 -> 0 | H43: =M10 -> 0 | I43: =H43/G43 -> #DIV/0! | J43: =IF(I43>=1,"EQ","CHECK") -> #DIV/0! | V43: Material Family: | W43: Plastic Type 1 | AA43: =IF(W43="","BLANK","EQ") -> EQ | AE43: =IF(AE$10*AC43+AE$11<(ROUNDUP(AD$10/100,0)*100+999),MAX(0,AE$10*AC43+AE$11),NA()) -> #DIV/0! | AH43: =IF(AH$10*AF43+AH$11<(ROUNDUP(AG$10/100,0)*100+999),MAX(0,AH$10*AF43+AH$11),NA()) -> #DIV/0! | AM43: Material Family: | AN43: Plastic Type 2 | AR43: =IF(AN43="","BLANK","EQ") -> EQ | AV43: =IF(AV$10*AT43+AV$11<(ROUNDUP(AU$10/100,0)*100+999),MAX(0,AV$10*AT43+AV$11),NA()) -> #DIV/0! | AY43: =IF(AY$10*AW43+AY$11<(ROUNDUP(AX$10/100,0)*100+999),MAX(0,AY$10*AW43+AY$11),NA()) -> #DIV/0! | BD43: Material Family: | BE43: Plastic Type 3 | BI43: =IF(BE43="","BLANK","EQ") -> EQ | BM43: =IF(BM$10*BK43+BM$11<(ROUNDUP(BL$10/100,0)*100+999),MAX(0,BM$10*BK43+BM$11),NA()) -> #DIV/0! | BP43: =IF(BP$10*BN43+BP$11<(ROUNDUP(BO$10/100,0)*100+999),MAX(0,BP$10*BN43+BP$11),NA()) -> #DIV/0!
F44: Lateral acceleration 40*mass*modules_wide: | G44: ='F.10.1-4 Modules And Container'!BE79 -> 0 | H44: =O10 -> 0 | I44: =H44/G44 -> #DIV/0! | J44: =IF(I44>=1,"EQ","CHECK") -> #DIV/0! | V44: Coupon Material: | W44: Team Material 1 | AA44: =IF(W44="","BLANK","EQ") -> EQ | AE44: =IF(AE$10*AC44+AE$11<(ROUNDUP(AD$10/100,0)*100+999),MAX(0,AE$10*AC44+AE$11),NA()) -> #DIV/0! | AH44: =IF(AH$10*AF44+AH$11<(ROUNDUP(AG$10/100,0)*100+999),MAX(0,AH$10*AF44+AH$11),NA()) -> #DIV/0! | AM44: Coupon Material: | AN44: Team Material 2 | AR44: =IF(AN44="","BLANK","EQ") -> EQ | AV44: =IF(AV$10*AT44+AV$11<(ROUNDUP(AU$10/100,0)*100+999),MAX(0,AV$10*AT44+AV$11),NA()) -> #DIV/0! | AY44: =IF(AY$10*AW44+AY$11<(ROUNDUP(AX$10/100,0)*100+999),MAX(0,AY$10*AW44+AY$11),NA()) -> #DIV/0! | BD44: Coupon Material: | BE44: Team Material 3 | BI44: =IF(BE44="","BLANK","EQ") -> EQ | BM44: =IF(BM$10*BK44+BM$11<(ROUNDUP(BL$10/100,0)*100+999),MAX(0,BM$10*BK44+BM$11),NA()) -> #DIV/0! | BP44: =IF(BP$10*BN44+BP$11<(ROUNDUP(BO$10/100,0)*100+999),MAX(0,BP$10*BN44+BP$11),NA()) -> #DIV/0!
F45: Vertical acceleration 20*mass*modules_high: | G45: ='F.10.1-4 Modules And Container'!BO79 -> 0 | H45: =Q10 -> 0 | I45: =H45/G45 -> #DIV/0! | J45: =IF(I45>=1,"EQ","CHECK") -> #DIV/0! | V45: Dates of test: | AA45: =IF(W45="","BLANK","EQ") -> BLANK | AE45: =IF(AE$10*AC45+AE$11<(ROUNDUP(AD$10/100,0)*100+999),MAX(0,AE$10*AC45+AE$11),NA()) -> #DIV/0! | AH45: =IF(AH$10*AF45+AH$11<(ROUNDUP(AG$10/100,0)*100+999),MAX(0,AH$10*AF45+AH$11),NA()) -> #DIV/0! | AM45: Dates of test: | AR45: =IF(AN45="","BLANK","EQ") -> BLANK | AV45: =IF(AV$10*AT45+AV$11<(ROUNDUP(AU$10/100,0)*100+999),MAX(0,AV$10*AT45+AV$11),NA()) -> #DIV/0! | AY45: =IF(AY$10*AW45+AY$11<(ROUNDUP(AX$10/100,0)*100+999),MAX(0,AY$10*AW45+AY$11),NA()) -> #DIV/0! | BD45: Dates of test: | BI45: =IF(BE45="","BLANK","EQ") -> BLANK | BM45: =IF(BM$10*BK45+BM$11<(ROUNDUP(BL$10/100,0)*100+999),MAX(0,BM$10*BK45+BM$11),NA()) -> #DIV/0! | BP45: =IF(BP$10*BN45+BP$11<(ROUNDUP(BO$10/100,0)*100+999),MAX(0,BP$10*BN45+BP$11),NA()) -> #DIV/0!
X46: Coupon width: | Z46: mm | AA46: =IF(Y46="","BLANK","EQ") -> BLANK | AE46: =IF(AE$10*AC46+AE$11<(ROUNDUP(AD$10/100,0)*100+999),MAX(0,AE$10*AC46+AE$11),NA()) -> #DIV/0! | AH46: =IF(AH$10*AF46+AH$11<(ROUNDUP(AG$10/100,0)*100+999),MAX(0,AH$10*AF46+AH$11),NA()) -> #DIV/0! | AO46: Coupon width: | AQ46: mm | AR46: =IF(AP46="","BLANK","EQ") -> BLANK | AV46: =IF(AV$10*AT46+AV$11<(ROUNDUP(AU$10/100,0)*100+999),MAX(0,AV$10*AT46+AV$11),NA()) -> #DIV/0! | AY46: =IF(AY$10*AW46+AY$11<(ROUNDUP(AX$10/100,0)*100+999),MAX(0,AY$10*AW46+AY$11),NA()) -> #DIV/0! | BF46: Coupon width: | BH46: mm | BI46: =IF(BG46="","BLANK","EQ") -> BLANK | BM46: =IF(BM$10*BK46+BM$11<(ROUNDUP(BL$10/100,0)*100+999),MAX(0,BM$10*BK46+BM$11),NA()) -> #DIV/0! | BP46: =IF(BP$10*BN46+BP$11<(ROUNDUP(BO$10/100,0)*100+999),MAX(0,BP$10*BN46+BP$11),NA()) -> #DIV/0!
X47: Coupon Thickness: | Z47: mm | AA47: =IF(Y47="","BLANK","EQ") -> BLANK | AE47: =IF(AE$10*AC47+AE$11<(ROUNDUP(AD$10/100,0)*100+999),MAX(0,AE$10*AC47+AE$11),NA()) -> #DIV/0! | AH47: =IF(AH$10*AF47+AH$11<(ROUNDUP(AG$10/100,0)*100+999),MAX(0,AH$10*AF47+AH$11),NA()) -> #DIV/0! | AO47: Coupon Thickness: | AQ47: mm | AR47: =IF(AP47="","BLANK","EQ") -> BLANK | AV47: =IF(AV$10*AT47+AV$11<(ROUNDUP(AU$10/100,0)*100+999),MAX(0,AV$10*AT47+AV$11),NA()) -> #DIV/0! | AY47: =IF(AY$10*AW47+AY$11<(ROUNDUP(AX$10/100,0)*100+999),MAX(0,AY$10*AW47+AY$11),NA()) -> #DIV/0! | BF47: Coupon Thickness: | BH47: mm | BI47: =IF(BG47="","BLANK","EQ") -> BLANK | BM47: =IF(BM$10*BK47+BM$11<(ROUNDUP(BL$10/100,0)*100+999),MAX(0,BM$10*BK47+BM$11),NA()) -> #DIV/0! | BP47: =IF(BP$10*BN47+BP$11<(ROUNDUP(BO$10/100,0)*100+999),MAX(0,BP$10*BN47+BP$11),NA()) -> #DIV/0!
X48: Starting Length between clamps: | Z48: mm | AA48: =IF(Y48="","BLANK","EQ") -> BLANK | AE48: =IF(AE$10*AC48+AE$11<(ROUNDUP(AD$10/100,0)*100+999),MAX(0,AE$10*AC48+AE$11),NA()) -> #DIV/0! | AH48: =IF(AH$10*AF48+AH$11<(ROUNDUP(AG$10/100,0)*100+999),MAX(0,AH$10*AF48+AH$11),NA()) -> #DIV/0! | AO48: Starting Length between clamps: | AQ48: mm | AR48: =IF(AP48="","BLANK","EQ") -> BLANK | AV48: =IF(AV$10*AT48+AV$11<(ROUNDUP(AU$10/100,0)*100+999),MAX(0,AV$10*AT48+AV$11),NA()) -> #DIV/0! | AY48: =IF(AY$10*AW48+AY$11<(ROUNDUP(AX$10/100,0)*100+999),MAX(0,AY$10*AW48+AY$11),NA()) -> #DIV/0! | BF48: Starting Length between clamps: | BH48: mm | BI48: =IF(BG48="","BLANK","EQ") -> BLANK | BM48: =IF(BM$10*BK48+BM$11<(ROUNDUP(BL$10/100,0)*100+999),MAX(0,BM$10*BK48+BM$11),NA()) -> #DIV/0! | BP48: =IF(BP$10*BN48+BP$11<(ROUNDUP(BO$10/100,0)*100+999),MAX(0,BP$10*BN48+BP$11),NA()) -> #DIV/0!
AE49: =IF(AE$10*AC49+AE$11<(ROUNDUP(AD$10/100,0)*100+999),MAX(0,AE$10*AC49+AE$11),NA()) -> #DIV/0! | AH49: =IF(AH$10*AF49+AH$11<(ROUNDUP(AG$10/100,0)*100+999),MAX(0,AH$10*AF49+AH$11),NA()) -> #DIV/0! | AV49: =IF(AV$10*AT49+AV$11<(ROUNDUP(AU$10/100,0)*100+999),MAX(0,AV$10*AT49+AV$11),NA()) -> #DIV/0! | AY49: =IF(AY$10*AW49+AY$11<(ROUNDUP(AX$10/100,0)*100+999),MAX(0,AY$10*AW49+AY$11),NA()) -> #DIV/0! | BM49: =IF(BM$10*BK49+BM$11<(ROUNDUP(BL$10/100,0)*100+999),MAX(0,BM$10*BK49+BM$11),NA()) -> #DIV/0! | BP49: =IF(BP$10*BN49+BP$11<(ROUNDUP(BO$10/100,0)*100+999),MAX(0,BP$10*BN49+BP$11),NA()) -> #DIV/0!
W50: Enter exact values for minimum and maximum load/deflection in linear-elastic region | AE50: =IF(AE$10*AC50+AE$11<(ROUNDUP(AD$10/100,0)*100+999),MAX(0,AE$10*AC50+AE$11),NA()) -> #DIV/0! | AH50: =IF(AH$10*AF50+AH$11<(ROUNDUP(AG$10/100,0)*100+999),MAX(0,AH$10*AF50+AH$11),NA()) -> #DIV/0! | AN50: Enter exact values for minimum and maximum load/deflection in linear-elastic region | AV50: =IF(AV$10*AT50+AV$11<(ROUNDUP(AU$10/100,0)*100+999),MAX(0,AV$10*AT50+AV$11),NA()) -> #DIV/0! | AY50: =IF(AY$10*AW50+AY$11<(ROUNDUP(AX$10/100,0)*100+999),MAX(0,AY$10*AW50+AY$11),NA()) -> #DIV/0! | BE50: Enter exact values for minimum and maximum load/deflection in linear-elastic region | BM50: =IF(BM$10*BK50+BM$11<(ROUNDUP(BL$10/100,0)*100+999),MAX(0,BM$10*BK50+BM$11),NA()) -> #DIV/0! | BP50: =IF(BP$10*BN50+BP$11<(ROUNDUP(BO$10/100,0)*100+999),MAX(0,BP$10*BN50+BP$11),NA()) -> #DIV/0!
S51: {=IF(COUNTIF(S52:AA60,"BLANK"),"BLANK",IF(OR(SUMPRODUCT(--ISERROR(S52:AA60))>0,COUNTIF(S52:AA60,"REJECT")),"REJECT",IF(COUNTIF(S52:AA60,"CHECK"),"CHECK","EQ")))} -> BLANK | AE51: =IF(AE$10*AC51+AE$11<(ROUNDUP(AD$10/100,0)*100+999),MAX(0,AE$10*AC51+AE$11),NA()) -> #DIV/0! | AH51: =IF(AH$10*AF51+AH$11<(ROUNDUP(AG$10/100,0)*100+999),MAX(0,AH$10*AF51+AH$11),NA()) -> #DIV/0! | AJ51: {=IF(COUNTIF(AJ52:AR60,"BLANK"),"BLANK",IF(OR(SUMPRODUCT(--ISERROR(AJ52:AR60))>0,COUNTIF(AJ52:AR60,"REJECT")),"REJECT",IF(COUNTIF(AJ52:AR60,"CHECK"),"CHECK","EQ")))} -> BLANK | AV51: =IF(AV$10*AT51+AV$11<(ROUNDUP(AU$10/100,0)*100+999),MAX(0,AV$10*AT51+AV$11),NA()) -> #DIV/0! | AY51: =IF(AY$10*AW51+AY$11<(ROUNDUP(AX$10/100,0)*100+999),MAX(0,AY$10*AW51+AY$11),NA()) -> #DIV/0! | BA51: {=IF(COUNTIF(BA52:BI60,"BLANK"),"BLANK",IF(OR(SUMPRODUCT(--ISERROR(BA52:BI60))>0,COUNTIF(BA52:BI60,"REJECT")),"REJECT",IF(COUNTIF(BA52:BI60,"CHECK"),"CHECK","EQ")))} -> BLANK | BM51: =IF(BM$10*BK51+BM$11<(ROUNDUP(BL$10/100,0)*100+999),MAX(0,BM$10*BK51+BM$11),NA()) -> #DIV/0! | BP51: =IF(BP$10*BN51+BP$11<(ROUNDUP(BO$10/100,0)*100+999),MAX(0,BP$10*BN51+BP$11),NA()) -> #DIV/0!
S52: ROOM TEMP | T52: x1 | V52: mm | W52: =IF(U52="","BLANK","EQ") -> BLANK | X52: y1 | Y52: {=ROUND(INDEX(AD$14:AD$1048576,MATCH(TRUE,AC$14:AC$1048576>=U52,0)),0)} -> 0 | Z52: N | AA52: =IF(Y52="","BLANK","EQ") -> EQ | AE52: =IF(AE$10*AC52+AE$11<(ROUNDUP(AD$10/100,0)*100+999),MAX(0,AE$10*AC52+AE$11),NA()) -> #DIV/0! | AH52: =IF(AH$10*AF52+AH$11<(ROUNDUP(AG$10/100,0)*100+999),MAX(0,AH$10*AF52+AH$11),NA()) -> #DIV/0! | AJ52: ROOM TEMP | AK52: x1 | AM52: mm | AN52: =IF(AL52="","BLANK","EQ") -> BLANK | AO52: y1 | AP52: {=ROUND(INDEX(AU$14:AU$1048576,MATCH(TRUE,AT$14:AT$1048576>=AL52,0)),0)} -> 0 | AQ52: N | AR52: =IF(AP52="","BLANK","EQ") -> EQ | AV52: =IF(AV$10*AT52+AV$11<(ROUNDUP(AU$10/100,0)*100+999),MAX(0,AV$10*AT52+AV$11),NA()) -> #DIV/0! | AY52: =IF(AY$10*AW52+AY$11<(ROUNDUP(AX$10/100,0)*100+999),MAX(0,AY$10*AW52+AY$11),NA()) -> #DIV/0! | BA52: ROOM TEMP | BB52: x1 | BD52: mm | BE52: =IF(BC52="","BLANK","EQ") -> BLANK | BF52: y1 | BG52: {=ROUND(INDEX(BL$14:BL$1048576,MATCH(TRUE,BK$14:BK$1048576>=BC52,0)),0)} -> 0 | BH52: N | BI52: =IF(BG52="","BLANK","EQ") -> EQ | BM52: =IF(BM$10*BK52+BM$11<(ROUNDUP(BL$10/100,0)*100+999),MAX(0,BM$10*BK52+BM$11),NA()) -> #DIV/0! | BP52: =IF(BP$10*BN52+BP$11<(ROUNDUP(BO$10/100,0)*100+999),MAX(0,BP$10*BN52+BP$11),NA()) -> #DIV/0!
S53: FIRST KNEE | T53: x2 | V53: mm | W53: =IF(U53="","BLANK","EQ") -> BLANK | X53: y2 | Y53: {=ROUND(INDEX(AD$14:AD$1048576,MATCH(TRUE,AC$14:AC$1048576>=U53,0)),0)} -> 0 | Z53: N | AA53: =IF(Y53="","BLANK","EQ") -> EQ | AE53: =IF(AE$10*AC53+AE$11<(ROUNDUP(AD$10/100,0)*100+999),MAX(0,AE$10*AC53+AE$11),NA()) -> #DIV/0! | AH53: =IF(AH$10*AF53+AH$11<(ROUNDUP(AG$10/100,0)*100+999),MAX(0,AH$10*AF53+AH$11),NA()) -> #DIV/0! | AJ53: FIRST KNEE | AK53: x2 | AM53: mm | AN53: =IF(AL53="","BLANK","EQ") -> BLANK | AO53: y2 | AP53: {=ROUND(INDEX(AU$14:AU$1048576,MATCH(TRUE,AT$14:AT$1048576>=AL53,0)),0)} -> 0 | AQ53: N | AR53: =IF(AP53="","BLANK","EQ") -> EQ | AV53: =IF(AV$10*AT53+AV$11<(ROUNDUP(AU$10/100,0)*100+999),MAX(0,AV$10*AT53+AV$11),NA()) -> #DIV/0! | AY53: =IF(AY$10*AW53+AY$11<(ROUNDUP(AX$10/100,0)*100+999),MAX(0,AY$10*AW53+AY$11),NA()) -> #DIV/0! | BA53: FIRST KNEE | BB53: x2 | BD53: mm | BE53: =IF(BC53="","BLANK","EQ") -> BLANK | BF53: y2 | BG53: {=ROUND(INDEX(BL$14:BL$1048576,MATCH(TRUE,BK$14:BK$1048576>=BC53,0)),0)} -> 0 | BH53: N | BI53: =IF(BG53="","BLANK","EQ") -> EQ | BM53: =IF(BM$10*BK53+BM$11<(ROUNDUP(BL$10/100,0)*100+999),MAX(0,BM$10*BK53+BM$11),NA()) -> #DIV/0! | BP53: =IF(BP$10*BN53+BP$11<(ROUNDUP(BO$10/100,0)*100+999),MAX(0,BP$10*BN53+BP$11),NA()) -> #DIV/0!
AE54: =IF(AE$10*AC54+AE$11<(ROUNDUP(AD$10/100,0)*100+999),MAX(0,AE$10*AC54+AE$11),NA()) -> #DIV/0! | AH54: =IF(AH$10*AF54+AH$11<(ROUNDUP(AG$10/100,0)*100+999),MAX(0,AH$10*AF54+AH$11),NA()) -> #DIV/0! | AV54: =IF(AV$10*AT54+AV$11<(ROUNDUP(AU$10/100,0)*100+999),MAX(0,AV$10*AT54+AV$11),NA()) -> #DIV/0! | AY54: =IF(AY$10*AW54+AY$11<(ROUNDUP(AX$10/100,0)*100+999),MAX(0,AY$10*AW54+AY$11),NA()) -> #DIV/0! | BM54: =IF(BM$10*BK54+BM$11<(ROUNDUP(BL$10/100,0)*100+999),MAX(0,BM$10*BK54+BM$11),NA()) -> #DIV/0! | BP54: =IF(BP$10*BN54+BP$11<(ROUNDUP(BO$10/100,0)*100+999),MAX(0,BP$10*BN54+BP$11),NA()) -> #DIV/0!
X55: Derived modulus of elasticity E (delta_y / (width*thickness*delta_x)): | Y55: =IF(OR(Y$46=0,Y$47=0,Y$48=0,AD$9=0,U53=U52),0,(Y53-Y52)/(Y$46*Y$47*(U53-U52)/Y$48)) -> 0 | Z55: GPa | AE55: =IF(AE$10*AC55+AE$11<(ROUNDUP(AD$10/100,0)*100+999),MAX(0,AE$10*AC55+AE$11),NA()) -> #DIV/0! | AH55: =IF(AH$10*AF55+AH$11<(ROUNDUP(AG$10/100,0)*100+999),MAX(0,AH$10*AF55+AH$11),NA()) -> #DIV/0! | AO55: Derived modulus of elasticity E (delta_y / (width*thickness*delta_x)): | AP55: =IF(OR(AP$46=0,AP$47=0,AP$48=0,AU$9=0,AL53=AL52),0,(AP53-AP52)/(AP$46*AP$47*(AL53-AL52)/AP$48)) -> 0 | AQ55: GPa | AV55: =IF(AV$10*AT55+AV$11<(ROUNDUP(AU$10/100,0)*100+999),MAX(0,AV$10*AT55+AV$11),NA()) -> #DIV/0! | AY55: =IF(AY$10*AW55+AY$11<(ROUNDUP(AX$10/100,0)*100+999),MAX(0,AY$10*AW55+AY$11),NA()) -> #DIV/0! | BF55: Derived modulus of elasticity E (delta_y / (width*thickness*delta_x)): | BG55: =IF(OR(BG$46=0,BG$47=0,BG$48=0,BL$9=0,BC53=BC52),0,(BG53-BG52)/(BG$46*BG$47*(BC53-BC52)/BG$48)) -> 0 | BH55: GPa | BM55: =IF(BM$10*BK55+BM$11<(ROUNDUP(BL$10/100,0)*100+999),MAX(0,BM$10*BK55+BM$11),NA()) -> #DIV/0! | BP55: =IF(BP$10*BN55+BP$11<(ROUNDUP(BO$10/100,0)*100+999),MAX(0,BP$10*BN55+BP$11),NA()) -> #DIV/0!
X56: Derived coupon modulus of elasticity E: | Y56: =IF(Y55="","",Y55*10^9) -> 0 | Z56: Pa | AE56: =IF(AE$10*AC56+AE$11<(ROUNDUP(AD$10/100,0)*100+999),MAX(0,AE$10*AC56+AE$11),NA()) -> #DIV/0! | AH56: =IF(AH$10*AF56+AH$11<(ROUNDUP(AG$10/100,0)*100+999),MAX(0,AH$10*AF56+AH$11),NA()) -> #DIV/0! | AO56: Derived coupon modulus of elasticity E: | AP56: =IF(AP55="","",AP55*10^9) -> 0 | AQ56: Pa | AV56: =IF(AV$10*AT56+AV$11<(ROUNDUP(AU$10/100,0)*100+999),MAX(0,AV$10*AT56+AV$11),NA()) -> #DIV/0! | AY56: =IF(AY$10*AW56+AY$11<(ROUNDUP(AX$10/100,0)*100+999),MAX(0,AY$10*AW56+AY$11),NA()) -> #DIV/0! | BF56: Derived coupon modulus of elasticity E: | BG56: =IF(BG55="","",BG55*10^9) -> 0 | BH56: Pa | BM56: =IF(BM$10*BK56+BM$11<(ROUNDUP(BL$10/100,0)*100+999),MAX(0,BM$10*BK56+BM$11),NA()) -> #DIV/0! | BP56: =IF(BP$10*BN56+BP$11<(ROUNDUP(BO$10/100,0)*100+999),MAX(0,BP$10*BN56+BP$11),NA()) -> #DIV/0!
X57: Derived coupon modulus of elasticity E: | Y57: =IF(Y56="","",Y56/6894.76) -> 0 | Z57: psi | AE57: =IF(AE$10*AC57+AE$11<(ROUNDUP(AD$10/100,0)*100+999),MAX(0,AE$10*AC57+AE$11),NA()) -> #DIV/0! | AH57: =IF(AH$10*AF57+AH$11<(ROUNDUP(AG$10/100,0)*100+999),MAX(0,AH$10*AF57+AH$11),NA()) -> #DIV/0! | AO57: Derived coupon modulus of elasticity E: | AP57: =IF(AP56="","",AP56/6894.76) -> 0 | AQ57: psi | AV57: =IF(AV$10*AT57+AV$11<(ROUNDUP(AU$10/100,0)*100+999),MAX(0,AV$10*AT57+AV$11),NA()) -> #DIV/0! | AY57: =IF(AY$10*AW57+AY$11<(ROUNDUP(AX$10/100,0)*100+999),MAX(0,AY$10*AW57+AY$11),NA()) -> #DIV/0! | BF57: Derived coupon modulus of elasticity E: | BG57: =IF(BG56="","",BG56/6894.76) -> 0 | BH57: psi | BM57: =IF(BM$10*BK57+BM$11<(ROUNDUP(BL$10/100,0)*100+999),MAX(0,BM$10*BK57+BM$11),NA()) -> #DIV/0! | BP57: =IF(BP$10*BN57+BP$11<(ROUNDUP(BO$10/100,0)*100+999),MAX(0,BP$10*BN57+BP$11),NA()) -> #DIV/0!
X58: Derived Yield strength at x2 (y2 / (width*thickness)): | Y58: =IF(OR(Y$46=0,Y$47=0,Y$48=0,AD$9=0,U53=U52),0,Y53/(Y$46*Y$47)) -> 0 | Z58: MPa | AE58: =IF(AE$10*AC58+AE$11<(ROUNDUP(AD$10/100,0)*100+999),MAX(0,AE$10*AC58+AE$11),NA()) -> #DIV/0! | AH58: =IF(AH$10*AF58+AH$11<(ROUNDUP(AG$10/100,0)*100+999),MAX(0,AH$10*AF58+AH$11),NA()) -> #DIV/0! | AO58: Derived Yield strength at x2 (y2 / (width*thickness)): | AP58: =IF(OR(AP$46=0,AP$47=0,AP$48=0,AU$9=0,AL53=AL52),0,AP53/(AP$46*AP$47)) -> 0 | AQ58: MPa | AV58: =IF(AV$10*AT58+AV$11<(ROUNDUP(AU$10/100,0)*100+999),MAX(0,AV$10*AT58+AV$11),NA()) -> #DIV/0! | AY58: =IF(AY$10*AW58+AY$11<(ROUNDUP(AX$10/100,0)*100+999),MAX(0,AY$10*AW58+AY$11),NA()) -> #DIV/0! | BF58: Derived Yield strength at x2 (y2 / (width*thickness)): | BG58: =IF(OR(BG$46=0,BG$47=0,BG$48=0,BL$9=0,BC53=BC52),0,BG53/(BG$46*BG$47)) -> 0 | BH58: MPa | BM58: =IF(BM$10*BK58+BM$11<(ROUNDUP(BL$10/100,0)*100+999),MAX(0,BM$10*BK58+BM$11),NA()) -> #DIV/0! | BP58: =IF(BP$10*BN58+BP$11<(ROUNDUP(BO$10/100,0)*100+999),MAX(0,BP$10*BN58+BP$11),NA()) -> #DIV/0!
X59: Derived Sy of coupon σy: | Y59: =IF(Y58="","",Y58*10^6) -> 0 | Z59: Pa | AE59: =IF(AE$10*AC59+AE$11<(ROUNDUP(AD$10/100,0)*100+999),MAX(0,AE$10*AC59+AE$11),NA()) -> #DIV/0! | AH59: =IF(AH$10*AF59+AH$11<(ROUNDUP(AG$10/100,0)*100+999),MAX(0,AH$10*AF59+AH$11),NA()) -> #DIV/0! | AO59: Derived Sy of coupon σy: | AP59: =IF(AP58="","",AP58*10^6) -> 0 | AQ59: Pa | AV59: =IF(AV$10*AT59+AV$11<(ROUNDUP(AU$10/100,0)*100+999),MAX(0,AV$10*AT59+AV$11),NA()) -> #DIV/0! | AY59: =IF(AY$10*AW59+AY$11<(ROUNDUP(AX$10/100,0)*100+999),MAX(0,AY$10*AW59+AY$11),NA()) -> #DIV/0! | BF59: Derived Sy of coupon σy: | BG59: =IF(BG58="","",BG58*10^6) -> 0 | BH59: Pa | BM59: =IF(BM$10*BK59+BM$11<(ROUNDUP(BL$10/100,0)*100+999),MAX(0,BM$10*BK59+BM$11),NA()) -> #DIV/0! | BP59: =IF(BP$10*BN59+BP$11<(ROUNDUP(BO$10/100,0)*100+999),MAX(0,BP$10*BN59+BP$11),NA()) -> #DIV/0!
X60: Derived Sy of coupon σy: | Y60: =IF(Y59="","",Y59/6894.76) -> 0 | Z60: psi | AE60: =IF(AE$10*AC60+AE$11<(ROUNDUP(AD$10/100,0)*100+999),MAX(0,AE$10*AC60+AE$11),NA()) -> #DIV/0! | AH60: =IF(AH$10*AF60+AH$11<(ROUNDUP(AG$10/100,0)*100+999),MAX(0,AH$10*AF60+AH$11),NA()) -> #DIV/0! | AO60: Derived Sy of coupon σy: | AP60: =IF(AP59="","",AP59/6894.76) -> 0 | AQ60: psi | AV60: =IF(AV$10*AT60+AV$11<(ROUNDUP(AU$10/100,0)*100+999),MAX(0,AV$10*AT60+AV$11),NA()) -> #DIV/0! | AY60: =IF(AY$10*AW60+AY$11<(ROUNDUP(AX$10/100,0)*100+999),MAX(0,AY$10*AW60+AY$11),NA()) -> #DIV/0! | BF60: Derived Sy of coupon σy: | BG60: =IF(BG59="","",BG59/6894.76) -> 0 | BH60: psi | BM60: =IF(BM$10*BK60+BM$11<(ROUNDUP(BL$10/100,0)*100+999),MAX(0,BM$10*BK60+BM$11),NA()) -> #DIV/0! | BP60: =IF(BP$10*BN60+BP$11<(ROUNDUP(BO$10/100,0)*100+999),MAX(0,BP$10*BN60+BP$11),NA()) -> #DIV/0!
AE61: =IF(AE$10*AC61+AE$11<(ROUNDUP(AD$10/100,0)*100+999),MAX(0,AE$10*AC61+AE$11),NA()) -> #DIV/0! | AH61: =IF(AH$10*AF61+AH$11<(ROUNDUP(AG$10/100,0)*100+999),MAX(0,AH$10*AF61+AH$11),NA()) -> #DIV/0! | AV61: =IF(AV$10*AT61+AV$11<(ROUNDUP(AU$10/100,0)*100+999),MAX(0,AV$10*AT61+AV$11),NA()) -> #DIV/0! | AY61: =IF(AY$10*AW61+AY$11<(ROUNDUP(AX$10/100,0)*100+999),MAX(0,AY$10*AW61+AY$11),NA()) -> #DIV/0! | BM61: =IF(BM$10*BK61+BM$11<(ROUNDUP(BL$10/100,0)*100+999),MAX(0,BM$10*BK61+BM$11),NA()) -> #DIV/0! | BP61: =IF(BP$10*BN61+BP$11<(ROUNDUP(BO$10/100,0)*100+999),MAX(0,BP$10*BN61+BP$11),NA()) -> #DIV/0!
W62: =_xlfn.CONCAT(W44," 60C") -> Team Material 1 60C | AE62: =IF(AE$10*AC62+AE$11<(ROUNDUP(AD$10/100,0)*100+999),MAX(0,AE$10*AC62+AE$11),NA()) -> #DIV/0! | AH62: =IF(AH$10*AF62+AH$11<(ROUNDUP(AG$10/100,0)*100+999),MAX(0,AH$10*AF62+AH$11),NA()) -> #DIV/0! | AN62: =_xlfn.CONCAT(AN44," 60C") -> Team Material 2 60C | AV62: =IF(AV$10*AT62+AV$11<(ROUNDUP(AU$10/100,0)*100+999),MAX(0,AV$10*AT62+AV$11),NA()) -> #DIV/0! | AY62: =IF(AY$10*AW62+AY$11<(ROUNDUP(AX$10/100,0)*100+999),MAX(0,AY$10*AW62+AY$11),NA()) -> #DIV/0! | BE62: =_xlfn.CONCAT(BE44," 60C") -> Team Material 3 60C | BM62: =IF(BM$10*BK62+BM$11<(ROUNDUP(BL$10/100,0)*100+999),MAX(0,BM$10*BK62+BM$11),NA()) -> #DIV/0! | BP62: =IF(BP$10*BN62+BP$11<(ROUNDUP(BO$10/100,0)*100+999),MAX(0,BP$10*BN62+BP$11),NA()) -> #DIV/0!
W63: Enter exact values for minimum and maximum load/deflection in linear-elastic region | AE63: =IF(AE$10*AC63+AE$11<(ROUNDUP(AD$10/100,0)*100+999),MAX(0,AE$10*AC63+AE$11),NA()) -> #DIV/0! | AH63: =IF(AH$10*AF63+AH$11<(ROUNDUP(AG$10/100,0)*100+999),MAX(0,AH$10*AF63+AH$11),NA()) -> #DIV/0! | AN63: Enter exact values for minimum and maximum load/deflection in linear-elastic region | AV63: =IF(AV$10*AT63+AV$11<(ROUNDUP(AU$10/100,0)*100+999),MAX(0,AV$10*AT63+AV$11),NA()) -> #DIV/0! | AY63: =IF(AY$10*AW63+AY$11<(ROUNDUP(AX$10/100,0)*100+999),MAX(0,AY$10*AW63+AY$11),NA()) -> #DIV/0! | BE63: Enter exact values for minimum and maximum load/deflection in linear-elastic region | BM63: =IF(BM$10*BK63+BM$11<(ROUNDUP(BL$10/100,0)*100+999),MAX(0,BM$10*BK63+BM$11),NA()) -> #DIV/0! | BP63: =IF(BP$10*BN63+BP$11<(ROUNDUP(BO$10/100,0)*100+999),MAX(0,BP$10*BN63+BP$11),NA()) -> #DIV/0!
S64: {=IF(COUNTIF(S65:AA73,"BLANK"),"BLANK",IF(OR(SUMPRODUCT(--ISERROR(S65:AA73))>0,COUNTIF(S65:AA73,"REJECT")),"REJECT",IF(COUNTIF(S65:AA73,"CHECK"),"CHECK","EQ")))} -> BLANK | AE64: =IF(AE$10*AC64+AE$11<(ROUNDUP(AD$10/100,0)*100+999),MAX(0,AE$10*AC64+AE$11),NA()) -> #DIV/0! | AH64: =IF(AH$10*AF64+AH$11<(ROUNDUP(AG$10/100,0)*100+999),MAX(0,AH$10*AF64+AH$11),NA()) -> #DIV/0! | AJ64: {=IF(COUNTIF(AJ65:AR73,"BLANK"),"BLANK",IF(OR(SUMPRODUCT(--ISERROR(AJ65:AR73))>0,COUNTIF(AJ65:AR73,"REJECT")),"REJECT",IF(COUNTIF(AJ65:AR73,"CHECK"),"CHECK","EQ")))} -> BLANK | AV64: =IF(AV$10*AT64+AV$11<(ROUNDUP(AU$10/100,0)*100+999),MAX(0,AV$10*AT64+AV$11),NA()) -> #DIV/0! | AY64: =IF(AY$10*AW64+AY$11<(ROUNDUP(AX$10/100,0)*100+999),MAX(0,AY$10*AW64+AY$11),NA()) -> #DIV/0! | BA64: {=IF(COUNTIF(BA65:BI73,"BLANK"),"BLANK",IF(OR(SUMPRODUCT(--ISERROR(BA65:BI73))>0,COUNTIF(BA65:BI73,"REJECT")),"REJECT",IF(COUNTIF(BA65:BI73,"CHECK"),"CHECK","EQ")))} -> BLANK | BM64: =IF(BM$10*BK64+BM$11<(ROUNDUP(BL$10/100,0)*100+999),MAX(0,BM$10*BK64+BM$11),NA()) -> #DIV/0! | BP64: =IF(BP$10*BN64+BP$11<(ROUNDUP(BO$10/100,0)*100+999),MAX(0,BP$10*BN64+BP$11),NA()) -> #DIV/0!
S65: 60C | T65: x1 | V65: mm | W65: =IF(U65="","BLANK","EQ") -> BLANK | X65: y1 | Y65: {=ROUND(INDEX(AG$14:AG$1048576,MATCH(TRUE,AF$14:AF$1048576>=U65,0)),0)} -> 0 | Z65: N | AA65: =IF(Y65="","BLANK","EQ") -> EQ | AE65: =IF(AE$10*AC65+AE$11<(ROUNDUP(AD$10/100,0)*100+999),MAX(0,AE$10*AC65+AE$11),NA()) -> #DIV/0! | AH65: =IF(AH$10*AF65+AH$11<(ROUNDUP(AG$10/100,0)*100+999),MAX(0,AH$10*AF65+AH$11),NA()) -> #DIV/0! | AJ65: 60C | AK65: x1 | AM65: mm | AN65: =IF(AL65="","BLANK","EQ") -> BLANK | AO65: y1 | AP65: {=ROUND(INDEX(AX$14:AX$1048576,MATCH(TRUE,AW$14:AW$1048576>=AL65,0)),0)} -> 0 | AQ65: N | AR65: =IF(AP65="","BLANK","EQ") -> EQ | AV65: =IF(AV$10*AT65+AV$11<(ROUNDUP(AU$10/100,0)*100+999),MAX(0,AV$10*AT65+AV$11),NA()) -> #DIV/0! | AY65: =IF(AY$10*AW65+AY$11<(ROUNDUP(AX$10/100,0)*100+999),MAX(0,AY$10*AW65+AY$11),NA()) -> #DIV/0! | BA65: 60C | BB65: x1 | BD65: mm | BE65: =IF(BC65="","BLANK","EQ") -> BLANK | BF65: y1 | BG65: {=ROUND(INDEX(BO$14:BO$1048576,MATCH(TRUE,BN$14:BN$1048576>=BC65,0)),0)} -> 0 | BH65: N | BI65: =IF(BG65="","BLANK","EQ") -> EQ | BM65: =IF(BM$10*BK65+BM$11<(ROUNDUP(BL$10/100,0)*100+999),MAX(0,BM$10*BK65+BM$11),NA()) -> #DIV/0! | BP65: =IF(BP$10*BN65+BP$11<(ROUNDUP(BO$10/100,0)*100+999),MAX(0,BP$10*BN65+BP$11),NA()) -> #DIV/0!
S66: FIRST KNEE | T66: x2 | V66: mm | W66: =IF(U66="","BLANK","EQ") -> BLANK | X66: y2 | Y66: {=ROUND(INDEX(AG$14:AG$1048576,MATCH(TRUE,AF$14:AF$1048576>=U66,0)),0)} -> 0 | Z66: N | AA66: =IF(Y66="","BLANK","EQ") -> EQ | AE66: =IF(AE$10*AC66+AE$11<(ROUNDUP(AD$10/100,0)*100+999),MAX(0,AE$10*AC66+AE$11),NA()) -> #DIV/0! | AH66: =IF(AH$10*AF66+AH$11<(ROUNDUP(AG$10/100,0)*100+999),MAX(0,AH$10*AF66+AH$11),NA()) -> #DIV/0! | AJ66: FIRST KNEE | AK66: x2 | AM66: mm | AN66: =IF(AL66="","BLANK","EQ") -> BLANK | AO66: y2 | AP66: {=ROUND(INDEX(AX$14:AX$1048576,MATCH(TRUE,AW$14:AW$1048576>=AL66,0)),0)} -> 0 | AQ66: N | AR66: =IF(AP66="","BLANK","EQ") -> EQ | AV66: =IF(AV$10*AT66+AV$11<(ROUNDUP(AU$10/100,0)*100+999),MAX(0,AV$10*AT66+AV$11),NA()) -> #DIV/0! | AY66: =IF(AY$10*AW66+AY$11<(ROUNDUP(AX$10/100,0)*100+999),MAX(0,AY$10*AW66+AY$11),NA()) -> #DIV/0! | BA66: FIRST KNEE | BB66: x2 | BD66: mm | BE66: =IF(BC66="","BLANK","EQ") -> BLANK | BF66: y2 | BG66: {=ROUND(INDEX(BO$14:BO$1048576,MATCH(TRUE,BN$14:BN$1048576>=BC66,0)),0)} -> 0 | BH66: N | BI66: =IF(BG66="","BLANK","EQ") -> EQ | BM66: =IF(BM$10*BK66+BM$11<(ROUNDUP(BL$10/100,0)*100+999),MAX(0,BM$10*BK66+BM$11),NA()) -> #DIV/0! | BP66: =IF(BP$10*BN66+BP$11<(ROUNDUP(BO$10/100,0)*100+999),MAX(0,BP$10*BN66+BP$11),NA()) -> #DIV/0!
AE67: =IF(AE$10*AC67+AE$11<(ROUNDUP(AD$10/100,0)*100+999),MAX(0,AE$10*AC67+AE$11),NA()) -> #DIV/0! | AH67: =IF(AH$10*AF67+AH$11<(ROUNDUP(AG$10/100,0)*100+999),MAX(0,AH$10*AF67+AH$11),NA()) -> #DIV/0! | AV67: =IF(AV$10*AT67+AV$11<(ROUNDUP(AU$10/100,0)*100+999),MAX(0,AV$10*AT67+AV$11),NA()) -> #DIV/0! | AY67: =IF(AY$10*AW67+AY$11<(ROUNDUP(AX$10/100,0)*100+999),MAX(0,AY$10*AW67+AY$11),NA()) -> #DIV/0! | BM67: =IF(BM$10*BK67+BM$11<(ROUNDUP(BL$10/100,0)*100+999),MAX(0,BM$10*BK67+BM$11),NA()) -> #DIV/0! | BP67: =IF(BP$10*BN67+BP$11<(ROUNDUP(BO$10/100,0)*100+999),MAX(0,BP$10*BN67+BP$11),NA()) -> #DIV/0!
X68: Derived modulus of elasticity E (delta_y / (width*thickness*delta_x)): | Y68: =IF(OR(Y$46=0,Y$47=0,Y$48=0,AD$9=0,U66=U65),0,(Y66-Y65)/(Y$46*Y$47*(U66-U65)/Y$48)) -> 0 | Z68: GPa | AE68: =IF(AE$10*AC68+AE$11<(ROUNDUP(AD$10/100,0)*100+999),MAX(0,AE$10*AC68+AE$11),NA()) -> #DIV/0! | AH68: =IF(AH$10*AF68+AH$11<(ROUNDUP(AG$10/100,0)*100+999),MAX(0,AH$10*AF68+AH$11),NA()) -> #DIV/0! | AO68: Derived modulus of elasticity E (delta_y / (width*thickness*delta_x)): | AP68: =IF(OR(AP$46=0,AP$47=0,AP$48=0,AU$9=0,AL66=AL65),0,(AP66-AP65)/(AP$46*AP$47*(AL66-AL65)/AP$48)) -> 0 | AQ68: GPa | AV68: =IF(AV$10*AT68+AV$11<(ROUNDUP(AU$10/100,0)*100+999),MAX(0,AV$10*AT68+AV$11),NA()) -> #DIV/0! | AY68: =IF(AY$10*AW68+AY$11<(ROUNDUP(AX$10/100,0)*100+999),MAX(0,AY$10*AW68+AY$11),NA()) -> #DIV/0! | BF68: Derived modulus of elasticity E (delta_y / (width*thickness*delta_x)): | BG68: =IF(OR(BG$46=0,BG$47=0,BG$48=0,BL$9=0,BC66=BC65),0,(BG66-BG65)/(BG$46*BG$47*(BC66-BC65)/BG$48)) -> 0 | BH68: GPa | BM68: =IF(BM$10*BK68+BM$11<(ROUNDUP(BL$10/100,0)*100+999),MAX(0,BM$10*BK68+BM$11),NA()) -> #DIV/0! | BP68: =IF(BP$10*BN68+BP$11<(ROUNDUP(BO$10/100,0)*100+999),MAX(0,BP$10*BN68+BP$11),NA()) -> #DIV/0!
X69: Derived coupon modulus of elasticity E: | Y69: =IF(Y68="","",Y68*10^9) -> 0 | Z69: Pa | AE69: =IF(AE$10*AC69+AE$11<(ROUNDUP(AD$10/100,0)*100+999),MAX(0,AE$10*AC69+AE$11),NA()) -> #DIV/0! | AH69: =IF(AH$10*AF69+AH$11<(ROUNDUP(AG$10/100,0)*100+999),MAX(0,AH$10*AF69+AH$11),NA()) -> #DIV/0! | AO69: Derived coupon modulus of elasticity E: | AP69: =IF(AP68="","",AP68*10^9) -> 0 | AQ69: Pa | AV69: =IF(AV$10*AT69+AV$11<(ROUNDUP(AU$10/100,0)*100+999),MAX(0,AV$10*AT69+AV$11),NA()) -> #DIV/0! | AY69: =IF(AY$10*AW69+AY$11<(ROUNDUP(AX$10/100,0)*100+999),MAX(0,AY$10*AW69+AY$11),NA()) -> #DIV/0! | BF69: Derived coupon modulus of elasticity E: | BG69: =IF(BG68="","",BG68*10^9) -> 0 | BH69: Pa | BM69: =IF(BM$10*BK69+BM$11<(ROUNDUP(BL$10/100,0)*100+999),MAX(0,BM$10*BK69+BM$11),NA()) -> #DIV/0! | BP69: =IF(BP$10*BN69+BP$11<(ROUNDUP(BO$10/100,0)*100+999),MAX(0,BP$10*BN69+BP$11),NA()) -> #DIV/0!
X70: Derived coupon modulus of elasticity E: | Y70: =IF(Y69="","",Y69/6894.76) -> 0 | Z70: psi | AE70: =IF(AE$10*AC70+AE$11<(ROUNDUP(AD$10/100,0)*100+999),MAX(0,AE$10*AC70+AE$11),NA()) -> #DIV/0! | AH70: =IF(AH$10*AF70+AH$11<(ROUNDUP(AG$10/100,0)*100+999),MAX(0,AH$10*AF70+AH$11),NA()) -> #DIV/0! | AO70: Derived coupon modulus of elasticity E: | AP70: =IF(AP69="","",AP69/6894.76) -> 0 | AQ70: psi | AV70: =IF(AV$10*AT70+AV$11<(ROUNDUP(AU$10/100,0)*100+999),MAX(0,AV$10*AT70+AV$11),NA()) -> #DIV/0! | AY70: =IF(AY$10*AW70+AY$11<(ROUNDUP(AX$10/100,0)*100+999),MAX(0,AY$10*AW70+AY$11),NA()) -> #DIV/0! | BF70: Derived coupon modulus of elasticity E: | BG70: =IF(BG69="","",BG69/6894.76) -> 0 | BH70: psi | BM70: =IF(BM$10*BK70+BM$11<(ROUNDUP(BL$10/100,0)*100+999),MAX(0,BM$10*BK70+BM$11),NA()) -> #DIV/0! | BP70: =IF(BP$10*BN70+BP$11<(ROUNDUP(BO$10/100,0)*100+999),MAX(0,BP$10*BN70+BP$11),NA()) -> #DIV/0!
X71: Derived Yield strength at x2 (y2 / (width*thickness)): | Y71: =IF(OR(Y$46=0,Y$47=0,Y$48=0,AD$9=0,U66=U65),0,Y66/(Y$46*Y$47)) -> 0 | Z71: MPa | AE71: =IF(AE$10*AC71+AE$11<(ROUNDUP(AD$10/100,0)*100+999),MAX(0,AE$10*AC71+AE$11),NA()) -> #DIV/0! | AH71: =IF(AH$10*AF71+AH$11<(ROUNDUP(AG$10/100,0)*100+999),MAX(0,AH$10*AF71+AH$11),NA()) -> #DIV/0! | AO71: Derived Yield strength at x2 (y2 / (width*thickness)): | AP71: =IF(OR(AP$46=0,AP$47=0,AP$48=0,AU$9=0,AL66=AL65),0,AP66/(AP$46*AP$47)) -> 0 | AQ71: MPa | AV71: =IF(AV$10*AT71+AV$11<(ROUNDUP(AU$10/100,0)*100+999),MAX(0,AV$10*AT71+AV$11),NA()) -> #DIV/0! | AY71: =IF(AY$10*AW71+AY$11<(ROUNDUP(AX$10/100,0)*100+999),MAX(0,AY$10*AW71+AY$11),NA()) -> #DIV/0! | BF71: Derived Yield strength at x2 (y2 / (width*thickness)): | BG71: =IF(OR(BG$46=0,BG$47=0,BG$48=0,BL$9=0,BC66=BC65),0,BG66/(BG$46*BG$47)) -> 0 | BH71: MPa | BM71: =IF(BM$10*BK71+BM$11<(ROUNDUP(BL$10/100,0)*100+999),MAX(0,BM$10*BK71+BM$11),NA()) -> #DIV/0! | BP71: =IF(BP$10*BN71+BP$11<(ROUNDUP(BO$10/100,0)*100+999),MAX(0,BP$10*BN71+BP$11),NA()) -> #DIV/0!
X72: Derived Sy of coupon σy: | Y72: =IF(Y71="","",Y71*10^6) -> 0 | Z72: Pa | AE72: =IF(AE$10*AC72+AE$11<(ROUNDUP(AD$10/100,0)*100+999),MAX(0,AE$10*AC72+AE$11),NA()) -> #DIV/0! | AH72: =IF(AH$10*AF72+AH$11<(ROUNDUP(AG$10/100,0)*100+999),MAX(0,AH$10*AF72+AH$11),NA()) -> #DIV/0! | AO72: Derived Sy of coupon σy: | AP72: =IF(AP71="","",AP71*10^6) -> 0 | AQ72: Pa | AV72: =IF(AV$10*AT72+AV$11<(ROUNDUP(AU$10/100,0)*100+999),MAX(0,AV$10*AT72+AV$11),NA()) -> #DIV/0! | AY72: =IF(AY$10*AW72+AY$11<(ROUNDUP(AX$10/100,0)*100+999),MAX(0,AY$10*AW72+AY$11),NA()) -> #DIV/0! | BF72: Derived Sy of coupon σy: | BG72: =IF(BG71="","",BG71*10^6) -> 0 | BH72: Pa | BM72: =IF(BM$10*BK72+BM$11<(ROUNDUP(BL$10/100,0)*100+999),MAX(0,BM$10*BK72+BM$11),NA()) -> #DIV/0! | BP72: =IF(BP$10*BN72+BP$11<(ROUNDUP(BO$10/100,0)*100+999),MAX(0,BP$10*BN72+BP$11),NA()) -> #DIV/0!
X73: Derived Sy of coupon σy: | Y73: =IF(Y72="","",Y72/6894.76) -> 0 | Z73: psi | AE73: =IF(AE$10*AC73+AE$11<(ROUNDUP(AD$10/100,0)*100+999),MAX(0,AE$10*AC73+AE$11),NA()) -> #DIV/0! | AH73: =IF(AH$10*AF73+AH$11<(ROUNDUP(AG$10/100,0)*100+999),MAX(0,AH$10*AF73+AH$11),NA()) -> #DIV/0! | AO73: Derived Sy of coupon σy: | AP73: =IF(AP72="","",AP72/6894.76) -> 0 | AQ73: psi | AV73: =IF(AV$10*AT73+AV$11<(ROUNDUP(AU$10/100,0)*100+999),MAX(0,AV$10*AT73+AV$11),NA()) -> #DIV/0! | AY73: =IF(AY$10*AW73+AY$11<(ROUNDUP(AX$10/100,0)*100+999),MAX(0,AY$10*AW73+AY$11),NA()) -> #DIV/0! | BF73: Derived Sy of coupon σy: | BG73: =IF(BG72="","",BG72/6894.76) -> 0 | BH73: psi | BM73: =IF(BM$10*BK73+BM$11<(ROUNDUP(BL$10/100,0)*100+999),MAX(0,BM$10*BK73+BM$11),NA()) -> #DIV/0! | BP73: =IF(BP$10*BN73+BP$11<(ROUNDUP(BO$10/100,0)*100+999),MAX(0,BP$10*BN73+BP$11),NA()) -> #DIV/0!
AE74: =IF(AE$10*AC74+AE$11<(ROUNDUP(AD$10/100,0)*100+999),MAX(0,AE$10*AC74+AE$11),NA()) -> #DIV/0! | AH74: =IF(AH$10*AF74+AH$11<(ROUNDUP(AG$10/100,0)*100+999),MAX(0,AH$10*AF74+AH$11),NA()) -> #DIV/0! | AV74: =IF(AV$10*AT74+AV$11<(ROUNDUP(AU$10/100,0)*100+999),MAX(0,AV$10*AT74+AV$11),NA()) -> #DIV/0! | AY74: =IF(AY$10*AW74+AY$11<(ROUNDUP(AX$10/100,0)*100+999),MAX(0,AY$10*AW74+AY$11),NA()) -> #DIV/0! | BM74: =IF(BM$10*BK74+BM$11<(ROUNDUP(BL$10/100,0)*100+999),MAX(0,BM$10*BK74+BM$11),NA()) -> #DIV/0! | BP74: =IF(BP$10*BN74+BP$11<(ROUNDUP(BO$10/100,0)*100+999),MAX(0,BP$10*BN74+BP$11),NA()) -> #DIV/0!
X75: E% | Y75: =IF(Y56=0,1,Y69/Y56) -> 1 | AE75: =IF(AE$10*AC75+AE$11<(ROUNDUP(AD$10/100,0)*100+999),MAX(0,AE$10*AC75+AE$11),NA()) -> #DIV/0! | AH75: =IF(AH$10*AF75+AH$11<(ROUNDUP(AG$10/100,0)*100+999),MAX(0,AH$10*AF75+AH$11),NA()) -> #DIV/0! | AO75: E% | AP75: =IF(AP56=0,1,AP69/AP56) -> 1 | AV75: =IF(AV$10*AT75+AV$11<(ROUNDUP(AU$10/100,0)*100+999),MAX(0,AV$10*AT75+AV$11),NA()) -> #DIV/0! | AY75: =IF(AY$10*AW75+AY$11<(ROUNDUP(AX$10/100,0)*100+999),MAX(0,AY$10*AW75+AY$11),NA()) -> #DIV/0! | BF75: E% | BG75: =IF(BG56=0,1,BG69/BG56) -> 1 | BM75: =IF(BM$10*BK75+BM$11<(ROUNDUP(BL$10/100,0)*100+999),MAX(0,BM$10*BK75+BM$11),NA()) -> #DIV/0! | BP75: =IF(BP$10*BN75+BP$11<(ROUNDUP(BO$10/100,0)*100+999),MAX(0,BP$10*BN75+BP$11),NA()) -> #DIV/0!
X76: Sy% | Y76: =IF(Y59=0,1,Y72/Y59) -> 1 | AE76: =IF(AE$10*AC76+AE$11<(ROUNDUP(AD$10/100,0)*100+999),MAX(0,AE$10*AC76+AE$11),NA()) -> #DIV/0! | AH76: =IF(AH$10*AF76+AH$11<(ROUNDUP(AG$10/100,0)*100+999),MAX(0,AH$10*AF76+AH$11),NA()) -> #DIV/0! | AO76: Sy% | AP76: =IF(AP59=0,1,AP72/AP59) -> 1 | AV76: =IF(AV$10*AT76+AV$11<(ROUNDUP(AU$10/100,0)*100+999),MAX(0,AV$10*AT76+AV$11),NA()) -> #DIV/0! | AY76: =IF(AY$10*AW76+AY$11<(ROUNDUP(AX$10/100,0)*100+999),MAX(0,AY$10*AW76+AY$11),NA()) -> #DIV/0! | BF76: Sy% | BG76: =IF(BG59=0,1,BG72/BG59) -> 1 | BM76: =IF(BM$10*BK76+BM$11<(ROUNDUP(BL$10/100,0)*100+999),MAX(0,BM$10*BK76+BM$11),NA()) -> #DIV/0! | BP76: =IF(BP$10*BN76+BP$11<(ROUNDUP(BO$10/100,0)*100+999),MAX(0,BP$10*BN76+BP$11),NA()) -> #DIV/0!
AE77: =IF(AE$10*AC77+AE$11<(ROUNDUP(AD$10/100,0)*100+999),MAX(0,AE$10*AC77+AE$11),NA()) -> #DIV/0! | AH77: =IF(AH$10*AF77+AH$11<(ROUNDUP(AG$10/100,0)*100+999),MAX(0,AH$10*AF77+AH$11),NA()) -> #DIV/0! | AV77: =IF(AV$10*AT77+AV$11<(ROUNDUP(AU$10/100,0)*100+999),MAX(0,AV$10*AT77+AV$11),NA()) -> #DIV/0! | AY77: =IF(AY$10*AW77+AY$11<(ROUNDUP(AX$10/100,0)*100+999),MAX(0,AY$10*AW77+AY$11),NA()) -> #DIV/0! | BM77: =IF(BM$10*BK77+BM$11<(ROUNDUP(BL$10/100,0)*100+999),MAX(0,BM$10*BK77+BM$11),NA()) -> #DIV/0! | BP77: =IF(BP$10*BN77+BP$11<(ROUNDUP(BO$10/100,0)*100+999),MAX(0,BP$10*BN77+BP$11),NA()) -> #DIV/0!
AE78: =IF(AE$10*AC78+AE$11<(ROUNDUP(AD$10/100,0)*100+999),MAX(0,AE$10*AC78+AE$11),NA()) -> #DIV/0! | AH78: =IF(AH$10*AF78+AH$11<(ROUNDUP(AG$10/100,0)*100+999),MAX(0,AH$10*AF78+AH$11),NA()) -> #DIV/0! | AV78: =IF(AV$10*AT78+AV$11<(ROUNDUP(AU$10/100,0)*100+999),MAX(0,AV$10*AT78+AV$11),NA()) -> #DIV/0! | AY78: =IF(AY$10*AW78+AY$11<(ROUNDUP(AX$10/100,0)*100+999),MAX(0,AY$10*AW78+AY$11),NA()) -> #DIV/0! | BM78: =IF(BM$10*BK78+BM$11<(ROUNDUP(BL$10/100,0)*100+999),MAX(0,BM$10*BK78+BM$11),NA()) -> #DIV/0! | BP78: =IF(BP$10*BN78+BP$11<(ROUNDUP(BO$10/100,0)*100+999),MAX(0,BP$10*BN78+BP$11),NA()) -> #DIV/0!
AE79: =IF(AE$10*AC79+AE$11<(ROUNDUP(AD$10/100,0)*100+999),MAX(0,AE$10*AC79+AE$11),NA()) -> #DIV/0! | AH79: =IF(AH$10*AF79+AH$11<(ROUNDUP(AG$10/100,0)*100+999),MAX(0,AH$10*AF79+AH$11),NA()) -> #DIV/0! | AV79: =IF(AV$10*AT79+AV$11<(ROUNDUP(AU$10/100,0)*100+999),MAX(0,AV$10*AT79+AV$11),NA()) -> #DIV/0! | AY79: =IF(AY$10*AW79+AY$11<(ROUNDUP(AX$10/100,0)*100+999),MAX(0,AY$10*AW79+AY$11),NA()) -> #DIV/0! | BM79: =IF(BM$10*BK79+BM$11<(ROUNDUP(BL$10/100,0)*100+999),MAX(0,BM$10*BK79+BM$11),NA()) -> #DIV/0! | BP79: =IF(BP$10*BN79+BP$11<(ROUNDUP(BO$10/100,0)*100+999),MAX(0,BP$10*BN79+BP$11),NA()) -> #DIV/0!
AE80: =IF(AE$10*AC80+AE$11<(ROUNDUP(AD$10/100,0)*100+999),MAX(0,AE$10*AC80+AE$11),NA()) -> #DIV/0! | AH80: =IF(AH$10*AF80+AH$11<(ROUNDUP(AG$10/100,0)*100+999),MAX(0,AH$10*AF80+AH$11),NA()) -> #DIV/0! | AV80: =IF(AV$10*AT80+AV$11<(ROUNDUP(AU$10/100,0)*100+999),MAX(0,AV$10*AT80+AV$11),NA()) -> #DIV/0! | AY80: =IF(AY$10*AW80+AY$11<(ROUNDUP(AX$10/100,0)*100+999),MAX(0,AY$10*AW80+AY$11),NA()) -> #DIV/0! | BM80: =IF(BM$10*BK80+BM$11<(ROUNDUP(BL$10/100,0)*100+999),MAX(0,BM$10*BK80+BM$11),NA()) -> #DIV/0! | BP80: =IF(BP$10*BN80+BP$11<(ROUNDUP(BO$10/100,0)*100+999),MAX(0,BP$10*BN80+BP$11),NA()) -> #DIV/0!
AE81: =IF(AE$10*AC81+AE$11<(ROUNDUP(AD$10/100,0)*100+999),MAX(0,AE$10*AC81+AE$11),NA()) -> #DIV/0! | AH81: =IF(AH$10*AF81+AH$11<(ROUNDUP(AG$10/100,0)*100+999),MAX(0,AH$10*AF81+AH$11),NA()) -> #DIV/0! | AV81: =IF(AV$10*AT81+AV$11<(ROUNDUP(AU$10/100,0)*100+999),MAX(0,AV$10*AT81+AV$11),NA()) -> #DIV/0! | AY81: =IF(AY$10*AW81+AY$11<(ROUNDUP(AX$10/100,0)*100+999),MAX(0,AY$10*AW81+AY$11),NA()) -> #DIV/0! | BM81: =IF(BM$10*BK81+BM$11<(ROUNDUP(BL$10/100,0)*100+999),MAX(0,BM$10*BK81+BM$11),NA()) -> #DIV/0! | BP81: =IF(BP$10*BN81+BP$11<(ROUNDUP(BO$10/100,0)*100+999),MAX(0,BP$10*BN81+BP$11),NA()) -> #DIV/0!
AE82: =IF(AE$10*AC82+AE$11<(ROUNDUP(AD$10/100,0)*100+999),MAX(0,AE$10*AC82+AE$11),NA()) -> #DIV/0! | AH82: =IF(AH$10*AF82+AH$11<(ROUNDUP(AG$10/100,0)*100+999),MAX(0,AH$10*AF82+AH$11),NA()) -> #DIV/0! | AV82: =IF(AV$10*AT82+AV$11<(ROUNDUP(AU$10/100,0)*100+999),MAX(0,AV$10*AT82+AV$11),NA()) -> #DIV/0! | AY82: =IF(AY$10*AW82+AY$11<(ROUNDUP(AX$10/100,0)*100+999),MAX(0,AY$10*AW82+AY$11),NA()) -> #DIV/0! | BM82: =IF(BM$10*BK82+BM$11<(ROUNDUP(BL$10/100,0)*100+999),MAX(0,BM$10*BK82+BM$11),NA()) -> #DIV/0! | BP82: =IF(BP$10*BN82+BP$11<(ROUNDUP(BO$10/100,0)*100+999),MAX(0,BP$10*BN82+BP$11),NA()) -> #DIV/0!
AE83: =IF(AE$10*AC83+AE$11<(ROUNDUP(AD$10/100,0)*100+999),MAX(0,AE$10*AC83+AE$11),NA()) -> #DIV/0! | AH83: =IF(AH$10*AF83+AH$11<(ROUNDUP(AG$10/100,0)*100+999),MAX(0,AH$10*AF83+AH$11),NA()) -> #DIV/0! | AV83: =IF(AV$10*AT83+AV$11<(ROUNDUP(AU$10/100,0)*100+999),MAX(0,AV$10*AT83+AV$11),NA()) -> #DIV/0! | AY83: =IF(AY$10*AW83+AY$11<(ROUNDUP(AX$10/100,0)*100+999),MAX(0,AY$10*AW83+AY$11),NA()) -> #DIV/0! | BM83: =IF(BM$10*BK83+BM$11<(ROUNDUP(BL$10/100,0)*100+999),MAX(0,BM$10*BK83+BM$11),NA()) -> #DIV/0! | BP83: =IF(BP$10*BN83+BP$11<(ROUNDUP(BO$10/100,0)*100+999),MAX(0,BP$10*BN83+BP$11),NA()) -> #DIV/0!
AE84: =IF(AE$10*AC84+AE$11<(ROUNDUP(AD$10/100,0)*100+999),MAX(0,AE$10*AC84+AE$11),NA()) -> #DIV/0! | AH84: =IF(AH$10*AF84+AH$11<(ROUNDUP(AG$10/100,0)*100+999),MAX(0,AH$10*AF84+AH$11),NA()) -> #DIV/0! | AV84: =IF(AV$10*AT84+AV$11<(ROUNDUP(AU$10/100,0)*100+999),MAX(0,AV$10*AT84+AV$11),NA()) -> #DIV/0! | AY84: =IF(AY$10*AW84+AY$11<(ROUNDUP(AX$10/100,0)*100+999),MAX(0,AY$10*AW84+AY$11),NA()) -> #DIV/0! | BM84: =IF(BM$10*BK84+BM$11<(ROUNDUP(BL$10/100,0)*100+999),MAX(0,BM$10*BK84+BM$11),NA()) -> #DIV/0! | BP84: =IF(BP$10*BN84+BP$11<(ROUNDUP(BO$10/100,0)*100+999),MAX(0,BP$10*BN84+BP$11),NA()) -> #DIV/0!
AE85: =IF(AE$10*AC85+AE$11<(ROUNDUP(AD$10/100,0)*100+999),MAX(0,AE$10*AC85+AE$11),NA()) -> #DIV/0! | AH85: =IF(AH$10*AF85+AH$11<(ROUNDUP(AG$10/100,0)*100+999),MAX(0,AH$10*AF85+AH$11),NA()) -> #DIV/0! | AV85: =IF(AV$10*AT85+AV$11<(ROUNDUP(AU$10/100,0)*100+999),MAX(0,AV$10*AT85+AV$11),NA()) -> #DIV/0! | AY85: =IF(AY$10*AW85+AY$11<(ROUNDUP(AX$10/100,0)*100+999),MAX(0,AY$10*AW85+AY$11),NA()) -> #DIV/0! | BM85: =IF(BM$10*BK85+BM$11<(ROUNDUP(BL$10/100,0)*100+999),MAX(0,BM$10*BK85+BM$11),NA()) -> #DIV/0! | BP85: =IF(BP$10*BN85+BP$11<(ROUNDUP(BO$10/100,0)*100+999),MAX(0,BP$10*BN85+BP$11),NA()) -> #DIV/0!
AE86: =IF(AE$10*AC86+AE$11<(ROUNDUP(AD$10/100,0)*100+999),MAX(0,AE$10*AC86+AE$11),NA()) -> #DIV/0! | AH86: =IF(AH$10*AF86+AH$11<(ROUNDUP(AG$10/100,0)*100+999),MAX(0,AH$10*AF86+AH$11),NA()) -> #DIV/0! | AV86: =IF(AV$10*AT86+AV$11<(ROUNDUP(AU$10/100,0)*100+999),MAX(0,AV$10*AT86+AV$11),NA()) -> #DIV/0! | AY86: =IF(AY$10*AW86+AY$11<(ROUNDUP(AX$10/100,0)*100+999),MAX(0,AY$10*AW86+AY$11),NA()) -> #DIV/0! | BM86: =IF(BM$10*BK86+BM$11<(ROUNDUP(BL$10/100,0)*100+999),MAX(0,BM$10*BK86+BM$11),NA()) -> #DIV/0! | BP86: =IF(BP$10*BN86+BP$11<(ROUNDUP(BO$10/100,0)*100+999),MAX(0,BP$10*BN86+BP$11),NA()) -> #DIV/0!
AE87: =IF(AE$10*AC87+AE$11<(ROUNDUP(AD$10/100,0)*100+999),MAX(0,AE$10*AC87+AE$11),NA()) -> #DIV/0! | AH87: =IF(AH$10*AF87+AH$11<(ROUNDUP(AG$10/100,0)*100+999),MAX(0,AH$10*AF87+AH$11),NA()) -> #DIV/0! | AV87: =IF(AV$10*AT87+AV$11<(ROUNDUP(AU$10/100,0)*100+999),MAX(0,AV$10*AT87+AV$11),NA()) -> #DIV/0! | AY87: =IF(AY$10*AW87+AY$11<(ROUNDUP(AX$10/100,0)*100+999),MAX(0,AY$10*AW87+AY$11),NA()) -> #DIV/0! | BM87: =IF(BM$10*BK87+BM$11<(ROUNDUP(BL$10/100,0)*100+999),MAX(0,BM$10*BK87+BM$11),NA()) -> #DIV/0! | BP87: =IF(BP$10*BN87+BP$11<(ROUNDUP(BO$10/100,0)*100+999),MAX(0,BP$10*BN87+BP$11),NA()) -> #DIV/0!
AE88: =IF(AE$10*AC88+AE$11<(ROUNDUP(AD$10/100,0)*100+999),MAX(0,AE$10*AC88+AE$11),NA()) -> #DIV/0! | AH88: =IF(AH$10*AF88+AH$11<(ROUNDUP(AG$10/100,0)*100+999),MAX(0,AH$10*AF88+AH$11),NA()) -> #DIV/0! | AV88: =IF(AV$10*AT88+AV$11<(ROUNDUP(AU$10/100,0)*100+999),MAX(0,AV$10*AT88+AV$11),NA()) -> #DIV/0! | AY88: =IF(AY$10*AW88+AY$11<(ROUNDUP(AX$10/100,0)*100+999),MAX(0,AY$10*AW88+AY$11),NA()) -> #DIV/0! | BM88: =IF(BM$10*BK88+BM$11<(ROUNDUP(BL$10/100,0)*100+999),MAX(0,BM$10*BK88+BM$11),NA()) -> #DIV/0! | BP88: =IF(BP$10*BN88+BP$11<(ROUNDUP(BO$10/100,0)*100+999),MAX(0,BP$10*BN88+BP$11),NA()) -> #DIV/0!
... AE149: =IF(AE$10*AC149+AE$11<(ROUNDUP(AD$10/100,0)*100+999),MAX(0,AE$10*AC149+AE$11),NA()) -> #DIV/0! | AH149: =IF(AH$10*AF149+AH$11<(ROUNDUP(AG$10/100,0)*100+999),MAX(0,AH$10*AF149+AH$11),NA()) -> #DIV/0! | AV149: =IF(AV$10*AT149+AV$11<(ROUNDUP(AU$10/100,0)*100+999),MAX(0,AV$10*AT149+AV$11),NA()) -> #DIV/0! | AY149: =IF(AY$10*AW149+AY$11<(ROUNDUP(AX$10/100,0)*100+999),MAX(0,AY$10*AW149+AY$11),NA()) -> #DIV/0! | BM149: =IF(BM$10*BK149+BM$11<(ROUNDUP(BL$10/100,0)*100+999),MAX(0,BM$10*BK149+BM$11),NA()) -> #DIV/0! | BP149: =IF(BP$10*BN149+BP$11<(ROUNDUP(BO$10/100,0)*100+999),MAX(0,BP$10*BN149+BP$11),NA()) -> #DIV/0!
A150: F.10.3.5 Module Test | AE150: =IF(AE$10*AC150+AE$11<(ROUNDUP(AD$10/100,0)*100+999),MAX(0,AE$10*AC150+AE$11),NA()) -> #DIV/0! | AH150: =IF(AH$10*AF150+AH$11<(ROUNDUP(AG$10/100,0)*100+999),MAX(0,AH$10*AF150+AH$11),NA()) -> #DIV/0! | AV150: =IF(AV$10*AT150+AV$11<(ROUNDUP(AU$10/100,0)*100+999),MAX(0,AV$10*AT150+AV$11),NA()) -> #DIV/0! | AY150: =IF(AY$10*AW150+AY$11<(ROUNDUP(AX$10/100,0)*100+999),MAX(0,AY$10*AW150+AY$11),NA()) -> #DIV/0! | BM150: =IF(BM$10*BK150+BM$11<(ROUNDUP(BL$10/100,0)*100+999),MAX(0,BM$10*BK150+BM$11),NA()) -> #DIV/0! | BP150: =IF(BP$10*BN150+BP$11<(ROUNDUP(BO$10/100,0)*100+999),MAX(0,BP$10*BN150+BP$11),NA()) -> #DIV/0!
AE151: =IF(AE$10*AC151+AE$11<(ROUNDUP(AD$10/100,0)*100+999),MAX(0,AE$10*AC151+AE$11),NA()) -> #DIV/0! | AH151: =IF(AH$10*AF151+AH$11<(ROUNDUP(AG$10/100,0)*100+999),MAX(0,AH$10*AF151+AH$11),NA()) -> #DIV/0! | AV151: =IF(AV$10*AT151+AV$11<(ROUNDUP(AU$10/100,0)*100+999),MAX(0,AV$10*AT151+AV$11),NA()) -> #DIV/0! | AY151: =IF(AY$10*AW151+AY$11<(ROUNDUP(AX$10/100,0)*100+999),MAX(0,AY$10*AW151+AY$11),NA()) -> #DIV/0! | BM151: =IF(BM$10*BK151+BM$11<(ROUNDUP(BL$10/100,0)*100+999),MAX(0,BM$10*BK151+BM$11),NA()) -> #DIV/0! | BP151: =IF(BP$10*BN151+BP$11<(ROUNDUP(BO$10/100,0)*100+999),MAX(0,BP$10*BN151+BP$11),NA()) -> #DIV/0!
AE152: =IF(AE$10*AC152+AE$11<(ROUNDUP(AD$10/100,0)*100+999),MAX(0,AE$10*AC152+AE$11),NA()) -> #DIV/0! | AH152: =IF(AH$10*AF152+AH$11<(ROUNDUP(AG$10/100,0)*100+999),MAX(0,AH$10*AF152+AH$11),NA()) -> #DIV/0! | AV152: =IF(AV$10*AT152+AV$11<(ROUNDUP(AU$10/100,0)*100+999),MAX(0,AV$10*AT152+AV$11),NA()) -> #DIV/0! | AY152: =IF(AY$10*AW152+AY$11<(ROUNDUP(AX$10/100,0)*100+999),MAX(0,AY$10*AW152+AY$11),NA()) -> #DIV/0! | BM152: =IF(BM$10*BK152+BM$11<(ROUNDUP(BL$10/100,0)*100+999),MAX(0,BM$10*BK152+BM$11),NA()) -> #DIV/0! | BP152: =IF(BP$10*BN152+BP$11<(ROUNDUP(BO$10/100,0)*100+999),MAX(0,BP$10*BN152+BP$11),NA()) -> #DIV/0!
AE153: =IF(AE$10*AC153+AE$11<(ROUNDUP(AD$10/100,0)*100+999),MAX(0,AE$10*AC153+AE$11),NA()) -> #DIV/0! | AH153: =IF(AH$10*AF153+AH$11<(ROUNDUP(AG$10/100,0)*100+999),MAX(0,AH$10*AF153+AH$11),NA()) -> #DIV/0! | AV153: =IF(AV$10*AT153+AV$11<(ROUNDUP(AU$10/100,0)*100+999),MAX(0,AV$10*AT153+AV$11),NA()) -> #DIV/0! | AY153: =IF(AY$10*AW153+AY$11<(ROUNDUP(AX$10/100,0)*100+999),MAX(0,AY$10*AW153+AY$11),NA()) -> #DIV/0! | BM153: =IF(BM$10*BK153+BM$11<(ROUNDUP(BL$10/100,0)*100+999),MAX(0,BM$10*BK153+BM$11),NA()) -> #DIV/0! | BP153: =IF(BP$10*BN153+BP$11<(ROUNDUP(BO$10/100,0)*100+999),MAX(0,BP$10*BN153+BP$11),NA()) -> #DIV/0!
AE154: =IF(AE$10*AC154+AE$11<(ROUNDUP(AD$10/100,0)*100+999),MAX(0,AE$10*AC154+AE$11),NA()) -> #DIV/0! | AH154: =IF(AH$10*AF154+AH$11<(ROUNDUP(AG$10/100,0)*100+999),MAX(0,AH$10*AF154+AH$11),NA()) -> #DIV/0! | AV154: =IF(AV$10*AT154+AV$11<(ROUNDUP(AU$10/100,0)*100+999),MAX(0,AV$10*AT154+AV$11),NA()) -> #DIV/0! | AY154: =IF(AY$10*AW154+AY$11<(ROUNDUP(AX$10/100,0)*100+999),MAX(0,AY$10*AW154+AY$11),NA()) -> #DIV/0! | BM154: =IF(BM$10*BK154+BM$11<(ROUNDUP(BL$10/100,0)*100+999),MAX(0,BM$10*BK154+BM$11),NA()) -> #DIV/0! | BP154: =IF(BP$10*BN154+BP$11<(ROUNDUP(BO$10/100,0)*100+999),MAX(0,BP$10*BN154+BP$11),NA()) -> #DIV/0!
AE155: =IF(AE$10*AC155+AE$11<(ROUNDUP(AD$10/100,0)*100+999),MAX(0,AE$10*AC155+AE$11),NA()) -> #DIV/0! | AH155: =IF(AH$10*AF155+AH$11<(ROUNDUP(AG$10/100,0)*100+999),MAX(0,AH$10*AF155+AH$11),NA()) -> #DIV/0! | AV155: =IF(AV$10*AT155+AV$11<(ROUNDUP(AU$10/100,0)*100+999),MAX(0,AV$10*AT155+AV$11),NA()) -> #DIV/0! | AY155: =IF(AY$10*AW155+AY$11<(ROUNDUP(AX$10/100,0)*100+999),MAX(0,AY$10*AW155+AY$11),NA()) -> #DIV/0! | BM155: =IF(BM$10*BK155+BM$11<(ROUNDUP(BL$10/100,0)*100+999),MAX(0,BM$10*BK155+BM$11),NA()) -> #DIV/0! | BP155: =IF(BP$10*BN155+BP$11<(ROUNDUP(BO$10/100,0)*100+999),MAX(0,BP$10*BN155+BP$11),NA()) -> #DIV/0!
AE156: =IF(AE$10*AC156+AE$11<(ROUNDUP(AD$10/100,0)*100+999),MAX(0,AE$10*AC156+AE$11),NA()) -> #DIV/0! | AH156: =IF(AH$10*AF156+AH$11<(ROUNDUP(AG$10/100,0)*100+999),MAX(0,AH$10*AF156+AH$11),NA()) -> #DIV/0! | AV156: =IF(AV$10*AT156+AV$11<(ROUNDUP(AU$10/100,0)*100+999),MAX(0,AV$10*AT156+AV$11),NA()) -> #DIV/0! | AY156: =IF(AY$10*AW156+AY$11<(ROUNDUP(AX$10/100,0)*100+999),MAX(0,AY$10*AW156+AY$11),NA()) -> #DIV/0! | BM156: =IF(BM$10*BK156+BM$11<(ROUNDUP(BL$10/100,0)*100+999),MAX(0,BM$10*BK156+BM$11),NA()) -> #DIV/0! | BP156: =IF(BP$10*BN156+BP$11<(ROUNDUP(BO$10/100,0)*100+999),MAX(0,BP$10*BN156+BP$11),NA()) -> #DIV/0!
AE157: =IF(AE$10*AC157+AE$11<(ROUNDUP(AD$10/100,0)*100+999),MAX(0,AE$10*AC157+AE$11),NA()) -> #DIV/0! | AH157: =IF(AH$10*AF157+AH$11<(ROUNDUP(AG$10/100,0)*100+999),MAX(0,AH$10*AF157+AH$11),NA()) -> #DIV/0! | AV157: =IF(AV$10*AT157+AV$11<(ROUNDUP(AU$10/100,0)*100+999),MAX(0,AV$10*AT157+AV$11),NA()) -> #DIV/0! | AY157: =IF(AY$10*AW157+AY$11<(ROUNDUP(AX$10/100,0)*100+999),MAX(0,AY$10*AW157+AY$11),NA()) -> #DIV/0! | BM157: =IF(BM$10*BK157+BM$11<(ROUNDUP(BL$10/100,0)*100+999),MAX(0,BM$10*BK157+BM$11),NA()) -> #DIV/0! | BP157: =IF(BP$10*BN157+BP$11<(ROUNDUP(BO$10/100,0)*100+999),MAX(0,BP$10*BN157+BP$11),NA()) -> #DIV/0!
AE158: =IF(AE$10*AC158+AE$11<(ROUNDUP(AD$10/100,0)*100+999),MAX(0,AE$10*AC158+AE$11),NA()) -> #DIV/0! | AH158: =IF(AH$10*AF158+AH$11<(ROUNDUP(AG$10/100,0)*100+999),MAX(0,AH$10*AF158+AH$11),NA()) -> #DIV/0! | AV158: =IF(AV$10*AT158+AV$11<(ROUNDUP(AU$10/100,0)*100+999),MAX(0,AV$10*AT158+AV$11),NA()) -> #DIV/0! | AY158: =IF(AY$10*AW158+AY$11<(ROUNDUP(AX$10/100,0)*100+999),MAX(0,AY$10*AW158+AY$11),NA()) -> #DIV/0! | BM158: =IF(BM$10*BK158+BM$11<(ROUNDUP(BL$10/100,0)*100+999),MAX(0,BM$10*BK158+BM$11),NA()) -> #DIV/0! | BP158: =IF(BP$10*BN158+BP$11<(ROUNDUP(BO$10/100,0)*100+999),MAX(0,BP$10*BN158+BP$11),NA()) -> #DIV/0!
AE159: =IF(AE$10*AC159+AE$11<(ROUNDUP(AD$10/100,0)*100+999),MAX(0,AE$10*AC159+AE$11),NA()) -> #DIV/0! | AH159: =IF(AH$10*AF159+AH$11<(ROUNDUP(AG$10/100,0)*100+999),MAX(0,AH$10*AF159+AH$11),NA()) -> #DIV/0! | AV159: =IF(AV$10*AT159+AV$11<(ROUNDUP(AU$10/100,0)*100+999),MAX(0,AV$10*AT159+AV$11),NA()) -> #DIV/0! | AY159: =IF(AY$10*AW159+AY$11<(ROUNDUP(AX$10/100,0)*100+999),MAX(0,AY$10*AW159+AY$11),NA()) -> #DIV/0! | BM159: =IF(BM$10*BK159+BM$11<(ROUNDUP(BL$10/100,0)*100+999),MAX(0,BM$10*BK159+BM$11),NA()) -> #DIV/0! | BP159: =IF(BP$10*BN159+BP$11<(ROUNDUP(BO$10/100,0)*100+999),MAX(0,BP$10*BN159+BP$11),NA()) -> #DIV/0!
AE160: =IF(AE$10*AC160+AE$11<(ROUNDUP(AD$10/100,0)*100+999),MAX(0,AE$10*AC160+AE$11),NA()) -> #DIV/0! | AH160: =IF(AH$10*AF160+AH$11<(ROUNDUP(AG$10/100,0)*100+999),MAX(0,AH$10*AF160+AH$11),NA()) -> #DIV/0! | AV160: =IF(AV$10*AT160+AV$11<(ROUNDUP(AU$10/100,0)*100+999),MAX(0,AV$10*AT160+AV$11),NA()) -> #DIV/0! | AY160: =IF(AY$10*AW160+AY$11<(ROUNDUP(AX$10/100,0)*100+999),MAX(0,AY$10*AW160+AY$11),NA()) -> #DIV/0! | BM160: =IF(BM$10*BK160+BM$11<(ROUNDUP(BL$10/100,0)*100+999),MAX(0,BM$10*BK160+BM$11),NA()) -> #DIV/0! | BP160: =IF(BP$10*BN160+BP$11<(ROUNDUP(BO$10/100,0)*100+999),MAX(0,BP$10*BN160+BP$11),NA()) -> #DIV/0!
AE161: =IF(AE$10*AC161+AE$11<(ROUNDUP(AD$10/100,0)*100+999),MAX(0,AE$10*AC161+AE$11),NA()) -> #DIV/0! | AH161: =IF(AH$10*AF161+AH$11<(ROUNDUP(AG$10/100,0)*100+999),MAX(0,AH$10*AF161+AH$11),NA()) -> #DIV/0! | AV161: =IF(AV$10*AT161+AV$11<(ROUNDUP(AU$10/100,0)*100+999),MAX(0,AV$10*AT161+AV$11),NA()) -> #DIV/0! | AY161: =IF(AY$10*AW161+AY$11<(ROUNDUP(AX$10/100,0)*100+999),MAX(0,AY$10*AW161+AY$11),NA()) -> #DIV/0! | BM161: =IF(BM$10*BK161+BM$11<(ROUNDUP(BL$10/100,0)*100+999),MAX(0,BM$10*BK161+BM$11),NA()) -> #DIV/0! | BP161: =IF(BP$10*BN161+BP$11<(ROUNDUP(BO$10/100,0)*100+999),MAX(0,BP$10*BN161+BP$11),NA()) -> #DIV/0!
...
